Localidad,UPZ,Barrio
Usaquén,Paseo de los Libertadores (01),Canaima
Usaquén,Paseo de los Libertadores (01),La Floresta de La Sabana
Usaquén,Paseo de los Libertadores (01),Torca
Usaquén,Verbenal (09),Altos de Serrezuela
Usaquén,Verbenal (09),Balcones de Vista Hermosa
Usaquén,Verbenal (09),Balmoral Norte
Usaquén,Verbenal (09),Buenavista
Usaquén,Verbenal (09),Chaparral
Usaquén,Verbenal (09),El Codito
Usaquén,Verbenal (09),El Refugio de San Antonio
Usaquén,Verbenal (09),El Verbenal
Usaquén,Verbenal (09),Horizontes
Usaquén,Verbenal (09),La Estrellita
Usaquén,Verbenal (09),La Frontera
Usaquén,Verbenal (09),La Llanurita
Usaquén,Verbenal (09),Los Consuelos
Usaquén,Verbenal (09),Marantá
Usaquén,Verbenal (09),Maturín
Usaquén,Verbenal (09),Medellín
Usaquén,Verbenal (09),Mirador del Norte
Usaquén,Verbenal (09),Nuevo Horizonte
Usaquén,Verbenal (09),San Antonio Norte
Usaquén,Verbenal (09),Santandersito
Usaquén,Verbenal (09),Tibabita
Usaquén,Verbenal (09),Viña del Mar
Usaquén,La Uribe (10),Bosque de San Antonio
Usaquén,La Uribe (10),Conjunto Camino del Palmar
Usaquén,La Uribe (10),El Pite
Usaquén,La Uribe (10),El Redil
Usaquén,La Uribe (10),La Cita
Usaquén,La Uribe (10),La Granja Norte
Usaquén,La Uribe (10),La Uribe
Usaquén,La Uribe (10),Los Naranjos
Usaquén,La Uribe (10),San Juan Bosco
Usaquén,La Uribe (10),Urbanización Los Laureles
Usaquén,San Cristóbal Norte (11),Ainsuca
Usaquén,San Cristóbal Norte (11),Altablanca
Usaquén,San Cristóbal Norte (11),Barrancas
Usaquén,San Cristóbal Norte (11),California
Usaquén,San Cristóbal Norte (11),Cerro Norte
Usaquén,San Cristóbal Norte (11),Danubio
Usaquén,San Cristóbal Norte (11),Don Bosco
Usaquén,San Cristóbal Norte (11),La Perla Oriental
Usaquén,San Cristóbal Norte (11),Las Areneras
Usaquén,San Cristóbal Norte (11),Milán (Barrancas)
Usaquén,San Cristóbal Norte (11),Pradera Norte
Usaquén,San Cristóbal Norte (11),San Cristóbal Norte
Usaquén,San Cristóbal Norte (11),Santa Teresa
Usaquén,San Cristóbal Norte (11),Soratama
Usaquén,San Cristóbal Norte (11),Torcoroma
Usaquén,San Cristóbal Norte (11),Villa Nydia
Usaquén,San Cristóbal Norte (11),Villa Oliva
Usaquén,Toberín (12),El Toberín
Usaquén,Toberín (12),Babilonia
Usaquén,Toberín (12),Darandelos
Usaquén,Toberín (12),Estrella del Norte
Usaquén,Toberín (12),Guanoa
Usaquén,Toberín (12),Jardín Norte
Usaquén,Toberín (12),La Liberia
Usaquén,Toberín (12),La Pradera Norte
Usaquén,Toberín (12),Las Orquídeas
Usaquén,Toberín (12),Pantanito
Usaquén,Toberín (12),Santa Mónica
Usaquén,Toberín (12),Villa Magdala
Usaquén,Toberín (12),Villas de Aranjuez
Usaquén,Toberín (12),Villas del Mediterráneo
Usaquén,Toberín (12),Zaragoza
Usaquén,Los Cedros (13),Acacias
Usaquén,Los Cedros (13),Antigua
Usaquén,Los Cedros (13),Belmira
Usaquén,Los Cedros (13),Bosque de Pinos
Usaquén,Los Cedros (13),Caobos Salazar
Usaquén,Los Cedros (13),Capri
Usaquén,Los Cedros (13),Cedritos
Usaquén,Los Cedros (13),Cedro Bolívar
Usaquén,Los Cedros (13),Cedro Golf
Usaquén,Los Cedros (13),Cedro Madeira
Usaquén,Los Cedros (13),Cedro Narváez
Usaquén,Los Cedros (13),Cedro Salazar
Usaquén,Los Cedros (13),El Contador
Usaquén,Los Cedros (13),El Rincón de Las Margaritas
Usaquén,Los Cedros (13),La Sonora
Usaquén,Los Cedros (13),Las Margaritas
Usaquén,Los Cedros (13),Lisboa
Usaquén,Los Cedros (13),Los Cedros
Usaquén,Los Cedros (13),Los Cedros Oriental
Usaquén,Los Cedros (13),Montearroyo
Usaquén,Los Cedros (13),Nueva Autopista
Usaquén,Los Cedros (13),Nuevo Country
Usaquén,Los Cedros (13),Sierras del Moral
Usaquén,Usaquén (14),Bella Suiza
Usaquén,Usaquén (14),Bellavista
Usaquén,Usaquén (14),Bosque Medina
Usaquén,Usaquén (14),El Pañuelito
Usaquén,Usaquén (14),El Pedregal
Usaquén,Usaquén (14),Escuela de Caballería I
Usaquén,Usaquén (14),Escuela de Infantería
Usaquén,Usaquén (14),Francisco Miranda
Usaquén,Usaquén (14),Ginebra
Usaquén,Usaquén (14),La Esperanza
Usaquén,Usaquén (14),La Glorieta
Usaquén,Usaquén (14),Las Delicias del Carmen
Usaquén,Usaquén (14),Sagrado Corazón
Usaquén,Usaquén (14),San Gabriel
Usaquén,Usaquén (14),Santa Ana
Usaquén,Usaquén (14),Santa Ana Occidental
Usaquén,Usaquén (14),Santa Bárbara
Usaquén,Usaquén (14),Santa Bárbara Alta
Usaquén,Usaquén (14),Santa Bárbara Oriental
Usaquén,Country Club (15),Country Club
Chapinero,El Refugio (88),Chicó Reservado
Chapinero,El Refugio (88),Bellavista
Chapinero,El Refugio (88),Chicó Alto
Chapinero,El Refugio (88),El Nogal
Chapinero,El Refugio (88),El Refugio
Chapinero,El Refugio (88),La Cabrera
Chapinero,El Refugio (88),Los Rosales
Chapinero,El Refugio (88),Seminario
Chapinero,El Refugio (88),Toscana
Chapinero,San Isidro Patios (89),La Esperanza Nororiental
Chapinero,San Isidro Patios (89),La Sureña
Chapinero,San Isidro Patios (89),San Isidro
Chapinero,San Isidro Patios (89),San Luis Altos del Cabo
Chapinero,Pardo Rubio (90),Bosque Calderón
Chapinero,Pardo Rubio (90),Bosque Calderón Tejada
Chapinero,Pardo Rubio (90),Chapinero Alto
Chapinero,Pardo Rubio (90),El Castillo
Chapinero,Pardo Rubio (90),El Paraíso
Chapinero,Pardo Rubio (90),Emaus
Chapinero,Pardo Rubio (90),Granada
Chapinero,Pardo Rubio (90),Ingemar
Chapinero,Pardo Rubio (90),Juan XXIII
Chapinero,Pardo Rubio (90),La Salle
Chapinero,Pardo Rubio (90),Las Acacias
Chapinero,Pardo Rubio (90),Los Olivos
Chapinero,Pardo Rubio (90),María Cristina
Chapinero,Pardo Rubio (90),Mariscal Sucre
Chapinero,Pardo Rubio (90),Nueva Granada
Chapinero,Pardo Rubio (90),Palomar
Chapinero,Pardo Rubio (90),Pardo Rubio
Chapinero,Pardo Rubio (90),San Martín de Porres
Chapinero,Pardo Rubio (90),Villa Anita
Chapinero,Pardo Rubio (90),Villa del Cerro
Chapinero,Chicó Lago (97),Antiguo Country
Chapinero,Chicó Lago (97),Chicó Norte
Chapinero,Chicó Lago (97),Chicó Norte II
Chapinero,Chicó Lago (97),Chicó Norte III
Chapinero,Chicó Lago (97),Chicó Occidental
Chapinero,Chicó Lago (97),El Chicó
Chapinero,Chicó Lago (97),El Retiro
Chapinero,Chicó Lago (97),Espartillal
Chapinero,Chicó Lago (97),La Cabrera
Chapinero,Chicó Lago (97),Lago Gaitán
Chapinero,Chicó Lago (97),Porciúncula
Chapinero,Chicó Lago (97),Quinta Camacho
Chapinero,Chapinero Centro (99),Cataluña
Chapinero,Chapinero Centro (99),Chapinero Central
Chapinero,Chapinero Centro (99),Chapinero Norte
Chapinero,Chapinero Centro (99),Marly
Chapinero,Chapinero Centro (99),Sucre
Chapinero,Otras Zonas,El Verjón Bajo (Vereda)
Santa Fe,Sagrado Corazón (91),La Merced
Santa Fe,Sagrado Corazón (91),Parque Central Bavaria
Santa Fe,Sagrado Corazón (91),Sagrado Corazón
Santa Fe,Sagrado Corazón (91),San Diego
Santa Fe,Sagrado Corazón (91),San Martín
Santa Fe,Sagrado Corazón (91),Torres del Parque
Santa Fe,La Macarena (92),Bosque Izquierdo
Santa Fe,La Macarena (92),Germania
Santa Fe,La Macarena (92),La Macarena
Santa Fe,La Macarena (92),La Paz Centro
Santa Fe,La Macarena (92),La Perseverancia
Santa Fe,Las Nieves (93),La Alameda
Santa Fe,Las Nieves (93),La Capuchina
Santa Fe,Las Nieves (93),La Veracruz
Santa Fe,Las Nieves (93),Las Nieves
Santa Fe,Las Nieves (93),Santa Inés
Santa Fe,Las Cruces (95),Las Cruces
Santa Fe,Las Cruces (95),San Bernardo
Santa Fe,Lourdes (96),Atanasio Giradot
Santa Fe,Lourdes (96),Cartagena
Santa Fe,Lourdes (96),Egipto
Santa Fe,Lourdes (96),Egipto Alto (J.C. Turbay)
Santa Fe,Lourdes (96),El Balcón
Santa Fe,Lourdes (96),El Consuelo
Santa Fe,Lourdes (96),El Dorado
Santa Fe,Lourdes (96),El Guavio
Santa Fe,Lourdes (96),El Mirador
Santa Fe,Lourdes (96),El Rocío
Santa Fe,Lourdes (96),El Triunfo
Santa Fe,Lourdes (96),Fábrica de Loza
Santa Fe,Lourdes (96),Gran Colombia
Santa Fe,Lourdes (96),La Peña
Santa Fe,Lourdes (96),Los Laches
Santa Fe,Lourdes (96),Lourdes
Santa Fe,Lourdes (96),Ramírez
Santa Fe,Lourdes (96),San Dionisio
Santa Fe,Lourdes (96),Santa Rosa de Lima
Santa Fe,Lourdes (96),Vitelma
Santa Fe,Veredas,Monserrate
Santa Fe,Veredas,Guadalupe
Santa Fe,Veredas,El Verjón
San Cristóbal,San Blas,Aguas Claras
San Cristóbal,San Blas,Altamira
San Cristóbal,San Blas,Altos del Sol
San Cristóbal,San Blas,Atenas
San Cristóbal,San Blas,Balcón de la Castaña
San Cristóbal,San Blas,Corinto
San Cristóbal,San Blas,El Futuro
San Cristóbal,San Blas,El Ramajal
San Cristóbal,San Blas,El Ramajal (San Pedro)
San Cristóbal,San Blas,La Castaña
San Cristóbal,San Blas,La Cecilia
San Cristóbal,San Blas,La Joyita Centro (Bello Horizonte)
San Cristóbal,San Blas,La Playa
San Cristóbal,San Blas,La Roca
San Cristóbal,San Blas,La Sagrada Familia
San Cristóbal,San Blas,Las Acacias
San Cristóbal,San Blas,Las Mercedes
San Cristóbal,San Blas,Los Arrayanes Sector Santa Inés
San Cristóbal,San Blas,Manantial
San Cristóbal,San Blas,Manila
San Cristóbal,San Blas,Montecarlo
San Cristóbal,San Blas,Nueva Granada
San Cristóbal,San Blas,Quindío
San Cristóbal,San Blas,San Blas
San Cristóbal,San Blas,San Blas (Parcelas)
San Cristóbal,San Blas,San Blas II Sector
San Cristóbal,San Blas,San Cristóbal Alto
San Cristóbal,San Blas,San Cristóbal Viejo
San Cristóbal,San Blas,San Dionisio
San Cristóbal,San Blas,San José Sur Oriental
San Cristóbal,San Blas,San Luis
San Cristóbal,San Blas,Vitelma
San Cristóbal,20 de Julio,20 de Julio
San Cristóbal,20 de Julio,Aguas Claras
San Cristóbal,20 de Julio,Buenos Aires
San Cristóbal,20 de Julio,Camino Viejo de San Cristóbal
San Cristóbal,20 de Julio,La Gloria
San Cristóbal,20 de Julio,La María
San Cristóbal,20 de Julio,La Victoria
San Cristóbal,20 de Julio,Las Guacamayas
San Cristóbal,20 de Julio,Las Guacamayas I
San Cristóbal,20 de Julio,Las Guacamayas II
San Cristóbal,20 de Julio,Las Guacamayas III
San Cristóbal,20 de Julio,Las Lomas
San Cristóbal,20 de Julio,Los Alpes
San Cristóbal,20 de Julio,Los Arrayanes
San Cristóbal,20 de Julio,Nariño Sur
San Cristóbal,20 de Julio,San José Oriental
San Cristóbal,20 de Julio,San Martín de Loba I
San Cristóbal,20 de Julio,San Martín de Loba II
San Cristóbal,20 de Julio,San Martin Sur
San Cristóbal,Sosiego,Calvo Sur
San Cristóbal,Sosiego,El Progreso
San Cristóbal,Sosiego,Los Dos Leones
San Cristóbal,Sosiego,Pinos de Oriente
San Cristóbal,Sosiego,Primera de Mayo
San Cristóbal,La Gloria,El Recodo - República de Canadá
San Cristóbal,La Gloria,El Rodeo
San Cristóbal,La Gloria,Gran Colombia (Molinos de Oriente)
San Cristóbal,La Gloria,Horacio Orjuela
San Cristóbal,La Gloria,Juan Rey (La Paz)
San Cristóbal,La Gloria,La Belleza
San Cristóbal,La Gloria,La Colmena
San Cristóbal,La Gloria,La Gloria Baja
San Cristóbal,La Gloria,La Nueva Gloria
San Cristóbal,La Gloria,La Nueva Gloria II Sector
San Cristóbal,La Gloria,La Victoria III Sector
San Cristóbal,La Gloria,Las Gaviotas
San Cristóbal,La Gloria,Los Arrayanes
San Cristóbal,La Gloria,Macarena Los Alpes
San Cristóbal,La Gloria,Molinos de Oriente
San Cristóbal,La Gloria,San José Oriental
San Cristóbal,La Gloria,San Martín
San Cristóbal,Veredas (Rural),El Verjón Oriental
San Cristóbal,Veredas (Rural),La Península
San Cristóbal,Los Libertadores,La Herradura
San Cristóbal,Los Libertadores,Laureles Sur Oriental II Sector
San Cristóbal,Los Libertadores,Los Alpes Futuro
San Cristóbal,Los Libertadores,Los Laureles Sur Oriental I Sec
San Cristóbal,Los Libertadores,Los Libertadores
San Cristóbal,Los Libertadores,Los Pinares
San Cristóbal,Los Libertadores,Los Pinos
San Cristóbal,Los Libertadores,Los Puentes
San Cristóbal,Los Libertadores,República del Canadá - El Pinar
San Cristóbal,Los Libertadores,San Jacinto
San Cristóbal,Los Libertadores,San Manuel
San Cristóbal,Los Libertadores,San Rafael Sur Oriental
San Cristóbal,Los Libertadores,San Rafael Usme
San Cristóbal,Los Libertadores,Santa Rita I, II y III
San Cristóbal,Los Libertadores,Santa Rita Sur Oriental
San Cristóbal,Los Libertadores,Valparaíso
San Cristóbal,Los Libertadores,Villa Angélica, Canadá, La Güira
San Cristóbal,Los Libertadores,Antioquia
San Cristóbal,Los Libertadores,Canadá La Güira II Sector
San Cristóbal,Los Libertadores,El Paraíso Sur Oriental I Sec
San Cristóbal,Los Libertadores,El Triunfo
San Cristóbal,Los Libertadores,Juan Rey I
San Cristóbal,Los Libertadores,Juan Rey II
San Cristóbal,Los Libertadores,La Sierra
San Cristóbal,Los Libertadores,Los Libertadores (Bque Diamant)
San Cristóbal,Los Libertadores,Los Libertadores (Triángulo)
San Cristóbal,Los Libertadores,Nueva Delly
San Cristóbal,Los Libertadores,Nueva España
San Cristóbal,Los Libertadores,Nueva España Parte Alta
San Cristóbal,Los Libertadores,Nueva Gloria
San Cristóbal,Los Libertadores,Nueva Roma
San Cristóbal,Los Libertadores,Nuevas Malvinas o El Triunfo
San Cristóbal,Los Libertadores,Rincón de la Victoria - Buenavista
San Cristóbal,Los Libertadores,San Germán
San Cristóbal,Los Libertadores,Santa Rosa
San Cristóbal,Los Libertadores,Yomasa
San Cristóbal,Los Libertadores,Villa Angélica
San Cristóbal,La Gloria,Ciudadela Santa Rosa
San Cristóbal,La Gloria,El Quindío
San Cristóbal,20 de Julio,Ciudad de Londres
San Cristóbal,San Blas,Ramajal
San Cristóbal,San Blas,Sagrada Familia
San Cristóbal,Sosiego,Amapolas
San Cristóbal,Sosiego,Bello Horizonte
San Cristóbal,Sosiego,Bello Horizonte Alto
San Cristóbal,Sosiego,Buenos Aires Central
San Cristóbal,Sosiego,Buenos Aires Norte
San Cristóbal,Sosiego,El Sosiego
San Cristóbal,Sosiego,Granada
San Cristóbal,Sosiego,Granada Sur
San Cristóbal,Sosiego,La Granja
San Cristóbal,Sosiego,La Recopilación
San Cristóbal,Sosiego,Manzanares
San Cristóbal,Sosiego,Modelo Sur
San Cristóbal,Sosiego,Mucha Agua
San Cristóbal,Sosiego,Nariño Central
San Cristóbal,Sosiego,Nariño Sur
San Cristóbal,Sosiego,Primero de Mayo
San Cristóbal,Sosiego,San Benito
San Cristóbal,Sosiego,San Javier
San Cristóbal,Sosiego,San Pedro
San Cristóbal,Sosiego,Tibanica
San Cristóbal,Sosiego,Triángulo
San Cristóbal,Sosiego,Villa Javier
San Cristóbal,Sosiego,Vivienda El Bosque
San Cristóbal,20 de Julio,Bello Horizonte
San Cristóbal,Los Libertadores,El Balcón de La Castaña
San Cristóbal,Los Libertadores,San Miguel
San Cristóbal,Los Libertadores,Triángulo de La Paz
San Cristóbal,Sosiego (33),Altos del Zipa
San Cristóbal,Sosiego (33),Amapolas II
San Cristóbal,Sosiego (33),Bellavista Parte Baja
San Cristóbal,Sosiego (33),Bellavista Sur
San Cristóbal,Sosiego (33),Bosque de Los Alpes
San Cristóbal,Sosiego (33),Buenavista Suroriental
San Cristóbal,Sosiego (33),Cerros de San Vicente
San Cristóbal,Sosiego (33),Golconda
San Cristóbal,Sosiego (33),Quinta Ramos
San Cristóbal,Sosiego (33),República de Venezuela
San Cristóbal,Sosiego (33),San Cristóbal Sur
San Cristóbal,Sosiego (33),Santa Ana
San Cristóbal,Sosiego (33),Santa Ana Sur
San Cristóbal,Sosiego (33),Velódromo
San Cristóbal,Sosiego (33),Villa Albania
San Cristóbal,La Gloria (50),La Grovana
San Cristóbal,La Gloria (50),La Serafina
San Cristóbal,La Gloria (50),San Isidro
San Cristóbal,La Gloria (50),San José
San Cristóbal,La Gloria (50),San Luis
San Cristóbal,Los Libertadores (51),Malvinas
San Cristóbal,Los Libertadores (51),Moralva
San Cristóbal,Los Libertadores (51),Panorama (Antes Altamira)
San Cristóbal,Los Libertadores (51),Villa Begonia
San Cristóbal,20 de Julio (34),San Isidro
San Cristóbal,San Blas (32),Villa del Cerro
San Cristóbal,San Blas (32),Villa Aurora
San Cristóbal,San Blas (32),La Gran Colombia (Nota: Sector de Molinos de Oriente)
San Cristóbal,San Blas (32),Triángulo Alto
San Cristóbal,San Blas (32),Triángulo Bajo
San Cristóbal,San Blas (32),Vereda Altos de San Blas (Nota: Zonas de borde)
San Cristóbal,San Blas (32),El Pilar
Usme,Gran Yomasa (54),Arrayanes
Usme,Gran Yomasa (54),La Regadera
Usme,Gran Yomasa (54),Las Granjas de San Pedro (Santa Librada)
Usme,Gran Yomasa (54),Las Viviendas
Usme,Gran Yomasa (54),Los Tejares Sur
Usme,Gran Yomasa (54),Nuevo San Andrés de Los Altos
Usme,Gran Yomasa (54),Olivares
Usme,Gran Yomasa (54),San Andrés Alto
Usme,Gran Yomasa (54),San Felipe
Usme,Gran Yomasa (54),San Isidro Sur
Usme,Gran Yomasa (54),San Juan Bautista
Usme,Gran Yomasa (54),San Juan I
Usme,Gran Yomasa (54),San Juan II
Usme,Gran Yomasa (54),San Luis
Usme,Gran Yomasa (54),San Pablo
Usme,Gran Yomasa (54),Santa Librada
Usme,Gran Yomasa (54),Santa Librada - La Esperanza
Usme,Gran Yomasa (54),El Nevado
Usme,Ciudad Usme (55),Alfonso López Sector Buenos Aires
Usme,Ciudad Usme (55),Alfonso López Sector Charala
Usme,Ciudad Usme (55),Alfonso López Sector El Progreso
Usme,Ciudad Usme (55),Brisas del Llano
Usme,Ciudad Usme (55),Ciudadela El Oasis
Usme,Ciudad Usme (55),El Nuevo Portal
Usme,Ciudad Usme (55),El Paraíso
Usme,Ciudad Usme (55),El Portal II Etapa
Usme,Ciudad Usme (55),El Progreso Usme
Usme,Ciudad Usme (55),El Refugio I
Usme,Ciudad Usme (55),El Refugio II
Usme,Ciudad Usme (55),El Triángulo
Usme,Ciudad Usme (55),El Uval
Usme,Ciudad Usme (55),El Uval II Sector
Usme,Ciudad Usme (55),La Huerta
Usme,Ciudad Usme (55),La Orquídea Usme
Usme,Ciudad Usme (55),La Reforma
Usme,Ciudad Usme (55),Nuevo Porvenir
Usme,Ciudad Usme (55),Nuevo Progreso - El Uval
Usme,Ciudad Usme (55),Usme Centro
Usme,La Flora (52),Buenos Aires
Usme,La Flora (52),Costa Rica
Usme,La Flora (52),Doña Liliana
Usme,La Flora (52),El Bosque Km. 11
Usme,La Flora (52),Juan José Rondón
Usme,La Flora (52),Juan José Rondón II Sector
Usme,La Flora (52),Juan Rey Sur
Usme,La Flora (52),La Cabaña
Usme,La Flora (52),La Flora - Parcelación San Pedro
Usme,La Flora (52),Las Violetas
Usme,La Flora (52),Los Arrayanes
Usme,La Flora (52),Los Soches
Usme,La Flora (52),Tihuaque
Usme,La Flora (52),Unión
Usme,La Flora (52),Villa Diana
Usme,La Flora (52),Villa Rosita
Usme,Comuneros (53),Alaska
Usme,Comuneros (53),Arrayanes
Usme,Comuneros (53),Danubio Azul
Usme,Comuneros (53),Daza Sector II
Usme,Comuneros (53),Duitama
Usme,Comuneros (53),El Porvenir
Usme,Comuneros (53),El Porvenir II Sector
Usme,Comuneros (53),El Portal (Conjuntos)
Usme,Comuneros (53),Fiscala II La Fortuna
Usme,Comuneros (53),Fiscala Sector Centro
Usme,Comuneros (53),La Fiscala - Los Tres Laureles
Usme,Comuneros (53),La Fiscala - Lote 16
Usme,Comuneros (53),La Fiscala - Lote 16A
Usme,Comuneros (53),La Fiscala Sector Daza
Usme,Comuneros (53),La Fiscala Sector Norte
Usme,Comuneros (53),La Fiscala Sector Rodríguez
Usme,Comuneros (53),La Morena I
Usme,Comuneros (53),Puerta al Llano
Usme,Comuneros (53),San Francisco
Usme,Parque Entrenubes (57),Arrayanes
Usme,Parque Entrenubes (57),Bolonia
Usme,Parque Entrenubes (57),El Bosque Central
Usme,Parque Entrenubes (57),El Nuevo Portal II
Usme,Parque Entrenubes (57),El Refugio I
Usme,Parque Entrenubes (57),La Esperanza Sur
Usme,Parque Entrenubes (57),Los Olivares
Usme,Parque Entrenubes (57),Pepinitos
Usme,Parque Entrenubes (57),Tocaimita Oriental
Usme,Parque Entrenubes (57),Tocaimita Sur
Usme,Chunniza (60),Betania
Usme,Chunniza (60),Brazuelo de Usme
Usme,Chunniza (60),Chunniza
Usme,Chunniza (60),El Curubo
Usme,Chunniza (60),El Pedregal - La Lira
Usme,Chunniza (60),El Salteador
Usme,Chunniza (60),La Esperanza
Usme,Chunniza (60),La María
Usme,Chunniza (60),La Picota - La Esperanza
Usme,Chunniza (60),Las Brisas
Usme,Chunniza (60),Las Flores
Usme,Chunniza (60),Las Mercedes
Usme,Chunniza (60),Lorenzo Alcantuz I
Usme,Chunniza (60),Lorenzo Alcantuz II
Usme,Chunniza (60),Los Altos del Brazuelo
Usme,Chunniza (60),Marichuela III
Usme,Chunniza (60),Monteblanco
Usme,Chunniza (60),Montevídeo
Usme,Chunniza (60),Nuevo San Luis
Usme,Chunniza (60),San Joaquín - El Uval
Usme,Chunniza (60),Sector Granjas de San Pedro
Usme,Chunniza (60),Tenerife
Usme,Chunniza (60),Tenerife II
Usme,Chunniza (60),Urbanización Chuniza I
Usme,Chunniza (60),Urbanización Jarón Monte Rubio
Usme,Chunniza (60),Urbanización Líbano
Usme,Zonas Rurales,Chisacá
Usme,Zonas Rurales,Curibital
Usme,Zonas Rurales,El Destino
Usme,Zonas Rurales,La Regadera
Usme,Zonas Rurales,Los Soches
Usme,Zonas Rurales,Uvala
Usme,Alfonso López (59),Portal del Divino
Usme,Alfonso López (59),Portal de la Vega
Usme,Alfonso López (59),Portal de Oriente
Usme,Alfonso López (59),Nuevo Progreso II Sector
Usme,Alfonso López (59),El Nuevo Portal II
Usme,Alfonso López (59),El Portal del Divino
Usme,Alfonso López (59),La Esmeralda
Usme,Comuneros (58),La Morena II
Usme,Comuneros (58),La Morena II (Sector Villa Sandra)
Usme,Comuneros (58),Nueva Esperanza
Usme,Comuneros (58),San Martin
Usme,Comuneros (58),Villa Neiza
Usme,Comuneros (58),Urbanización Cartagena
Usme,Comuneros (58),Urbanización La Andrea
Usme,Comuneros (58),Urbanización Miravalle
Usme,Comuneros (58),Urbanización Tequendama
Usme,Danubio (56),Danubio Azul (Sector I y II)
Usme,Danubio (56),La Fiscala
Usme,Danubio (56),Daza (Nota: Se considera Sector Fiscala)
Usme,Gran Yomasa (54),Urbanización Brasilia II Sector
Usme,Gran Yomasa (54),Urbanización Brasilia Sur
Usme,Gran Yomasa (54),Urbanización La Aurora II Etapa
Usme,Gran Yomasa (54),Urbanización San Andrés de Los Altos
Usme,Gran Yomasa (54),Santa Marta
Usme,Gran Yomasa (54),Santa Marta II Sector
Usme,Gran Yomasa (54),Pedregal (Sector Gran Yomasa)
Usme,La Flora (52),Parcelación San Pedro
Usme,La Flora (52),Altos del Pino
Usme,La Flora (52),San German
Usme,Ciudad Usme (55),Centro Usme
Usme,Ciudad Usme (55),El Oasis
Usme,Parque Entrenubes (57),Bolonia
Usme,Parque Entrenubes (57),San Isidro
Usme,Parque Entrenubes (57),La Esperanza Sur
Usme,UPR Rural,Curibital Alto
Usme,UPR Rural,Curibital Bajo
Usme,UPR Rural,El Hato
Usme,UPR Rural,El Uval
Usme,UPR Rural,Fisgá
Usme,UPR Rural,La Requilina
Usme,UPR Rural,Olarte
Usme,UPR Rural,Serranía
Usme,UPR Rural,Tihuaque Rural
Usme,UPR Rural,Tocaimita
Usme,Alfonso López (59),El Nuevo Portal II
Usme,Alfonso López (59),El Refugio I
Usme,Alfonso López (59),El Refugio II
Usme,Alfonso López (59),El Progreso II Sector
Usme,Alfonso López (59),Portal del Divino
Usme,Alfonso López (59),Portal de la Vega
Usme,Alfonso López (59),Portal de Oriente
Usme,Alfonso López (59),Urbanización La Aurora II Etapa
Usme,Alfonso López (59),Altos del Pino
Usme,Alfonso López (59),El Oasis
Usme,Alfonso López (59),Villa Nelly
Usme,Comuneros (58),Danubio
Usme,Comuneros (58),Danubio Azul (Sector I)
Usme,Comuneros (58),Danubio Azul (Sector II)
Usme,Comuneros (58),El Porvenir (Conjuntos)
Usme,Comuneros (58),Fiscala Los Tres Laureles
Usme,Comuneros (58),Fiscala Lote 16
Usme,Comuneros (58),La Morena II (Villa Sandra)
Usme,Comuneros (58),San Francisco
Usme,Comuneros (58),Villa Anita
Usme,Comuneros (58),Vianey
Usme,Danubio (56),El Espino
Usme,Danubio (56),El Mortiño
Usme,Danubio (56),El Rubí
Usme,Danubio (56),El Tuno
Usme,Danubio (56),El Virrey (Última Etapa)
Usme,Danubio (56),Finca La Esperanza
Usme,Gran Yomasa (54),San Juan II y III Sector
Usme,Gran Yomasa (54),San Librada Los Tejares
Usme,Gran Yomasa (54),Santa Librada La Sureña
Usme,Gran Yomasa (54),Santa Librada Norte
Usme,Gran Yomasa (54),Santa Librada Sector La Peña
Usme,Gran Yomasa (54),Santa Marta II
Usme,Gran Yomasa (54),Urbanización Brasilia
Usme,Gran Yomasa (54),El Curubo
Usme,Gran Yomasa (54),Chapinerito
Usme,Gran Yomasa (54),El Rosal-Mirador
Usme,Gran Yomasa (54),San Pedro (Sector Gran Yomasa)
Usme,La Flora (52),San Andrés de Los Altos (Urb. Costa Rica)
Usme,La Flora (52),San German
Usme,Parque Entrenubes (57),El Bosque Central
Usme,Parque Entrenubes (57),Tocaimita (Rural)
Usme,Ciudad Usme (55),Usme Pueblo (Centro)
Usme,UPR Rural,Chisacá
Usme,UPR Rural,Curibital
Usme,UPR Rural,El Destino
Usme,UPR Rural,La Regadera
Usme,UPR Rural,Los Soches (Rural)
Usme,UPR Rural,Tihuaque (Rural)
Usme,UPR Rural,Olarte
Usme,UPR Rural,Fisgá
Usme,UPR Rural,La Unión (Vereda)
Usme,UPR Rural,San Benito (Vereda)
Tunjuelito,Venecia (42),Condado de Santa Lucía
Tunjuelito,Venecia (42),Conjunto Residencial Nuevo Muzú
Tunjuelito,Venecia (42),El Carmen
Tunjuelito,Venecia (42),Escuela de Policía General Santander
Tunjuelito,Venecia (42),Fátima
Tunjuelito,Venecia (42),Isla del Sol
Tunjuelito,Venecia (42),Laguneta
Tunjuelito,Venecia (42),Nuevo Muzú
Tunjuelito,Venecia (42),Ontario
Tunjuelito,Venecia (42),Parque Metropolitano El Tunal
Tunjuelito,Venecia (42),Parque Real I
Tunjuelito,Venecia (42),Rincón de Muzú
Tunjuelito,Venecia (42),Rincón de Nuevo Muzú
Tunjuelito,Venecia (42),Rincón de Venecia
Tunjuelito,Venecia (42),Samore
Tunjuelito,Venecia (42),San Vicente
Tunjuelito,Venecia (42),San Vicente de Ferrer
Tunjuelito,Venecia (42),Santa Lucía
Tunjuelito,Venecia (42),Tejar de Ontario
Tunjuelito,Venecia (42),Tejar de Ontario - Villa Ximena
Tunjuelito,Venecia (42),Ciudad Tunal
Tunjuelito,Venecia (42),Venecia
Tunjuelito,Tunjuelito (62),Abraham Lincoln
Tunjuelito,Tunjuelito (62),Abraham Lincoln II
Tunjuelito,Tunjuelito (62),San Benito
Tunjuelito,Tunjuelito (62),San Benito Central
Tunjuelito,Tunjuelito (62),San Carlos
Tunjuelito,Tunjuelito (62),Tunal Oriental
Tunjuelito,Tunjuelito (62),Tunjuelito (Barrio)
Tunjuelito,Tunjuelito (62),Tunjuelito Antiguo
Tunjuelito,Tunjuelito (62),Área de Artillería (Nota: Uso dotacional)
Bosa,Bosa Occidental (84),Amaruc
Bosa,Bosa Occidental (84),Berlín
Bosa,Bosa Occidental (84),Berlín de Bosa La Libertad III
Bosa,Bosa Occidental (84),Betania
Bosa,Bosa Occidental (84),Bosa Nova
Bosa,Bosa Occidental (84),Bosa Nova II Sector
Bosa,Bosa Occidental (84),Bosalinda (Hildebrando Olarte)
Bosa,Bosa Occidental (84),Brasil II Sector
Bosa,Bosa Occidental (84),Brasil II Segunda Etapa
Bosa,Bosa Occidental (84),Brasil López y Piñeros
Bosa,Bosa Occidental (84),Brasil Materas Acacias San Jorge
Bosa,Bosa Occidental (84),Brasil Sector Barreto
Bosa,Bosa Occidental (84),Brasil Sector Portal y Castillo
Bosa,Bosa Occidental (84),Brasilia I Sector
Bosa,Bosa Occidental (84),Brasilia II Sector
Bosa,Bosa Occidental (84),Brasilia III Sector
Bosa,Bosa Occidental (84),Campo Hermoso
Bosa,Bosa Occidental (84),Casa Nueva
Bosa,Bosa Occidental (84),Chicó Sur
Bosa,Bosa Occidental (84),Chicalá
Bosa,Bosa Occidental (84),Ciudadela La Libertad II
Bosa,Bosa Occidental (84),Danubio
Bosa,Bosa Occidental (84),Danubio Azul I
Bosa,Bosa Occidental (84),Danubio II
Bosa,Bosa Occidental (84),Danubio III
Bosa,Bosa Occidental (84),Diamante Sur
Bosa,Bosa Occidental (84),El Bosque de Bosa
Bosa,Bosa Occidental (84),El Cauce
Bosa,Bosa Occidental (84),El Diamante
Bosa,Bosa Occidental (84),El Jazmín Sector El Triángulo
Bosa,Bosa Occidental (84),El Libertador
Bosa,Bosa Occidental (84),El Libertador II
Bosa,Bosa Occidental (84),El Paradero
Bosa,Bosa Occidental (84),Escocia
Bosa,Bosa Occidental (84),Escocia IX Sector
Bosa,Bosa Occidental (84),Finca El Porvenir Parcela 33
Bosa,Bosa Occidental (84),Holanda
Bosa,Bosa Occidental (84),Holanda I Sector
Bosa,Bosa Occidental (84),Holanda II Sector
Bosa,Bosa Occidental (84),Holanda III Sector
Bosa,Bosa Occidental (84),Holanda Sector Caminito
Bosa,Bosa Occidental (84),Hortelanos de Escocia
Bosa,Bosa Occidental (84),Jorge Uribe Botero
Bosa,Bosa Occidental (84),La Cabaña
Bosa,Bosa Occidental (84),La Concepción
Bosa,Bosa Occidental (84),La Concepción II Sector
Bosa,Bosa Occidental (84),La Dulcinea
Bosa,Bosa Occidental (84),La Esmeralda
Bosa,Bosa Occidental (84),La Esperanza I
Bosa,Bosa Occidental (84),La Esperanza II Sector
Bosa,Bosa Occidental (84),La Estanzuela
Bosa,Bosa Occidental (84),La Estanzuela II
Bosa,Bosa Occidental (84),La Florida IV Sector
Bosa,Bosa Occidental (84),La Fontana de Bosa La Libertad
Bosa,Bosa Occidental (84),La Fontana I y II
Bosa,Bosa Occidental (84),La Independencia
Bosa,Bosa Occidental (84),La Independencia II Sector
Bosa,Bosa Occidental (84),La Libertad
Bosa,Bosa Occidental (84),La Libertad II
Bosa,Bosa Occidental (84),La Libertad III
Bosa,Bosa Occidental (84),La Libertad IV
Bosa,Bosa Occidental (84),La Libertad Sector Magnolia
Bosa,Bosa Occidental (84),La Paz
Bosa,Bosa Occidental (84),La Paz II Sector
Bosa,Bosa Occidental (84),La Paz III
Bosa,Bosa Occidental (84),La Paz San Ignacio
Bosa,Bosa Occidental (84),La Paz San Ignacio Sector La Esperanza
Bosa,Bosa Occidental (84),La Paz Sector San Ignacio Las Vegas
Bosa,Bosa Occidental (84),La Portada
Bosa,Bosa Occidental (84),La Portada II
Bosa,Bosa Occidental (84),La Portada III Sector
Bosa,Bosa Occidental (84),Las Margaritas Sector I y II
Bosa,Bosa Occidental (84),Las Vegas
Bosa,Bosa Occidental (84),Los Héroes
Bosa,Bosa Occidental (84),Los Ocales
Bosa,Bosa Occidental (84),Nuestra Señora de la Paz
Bosa,Bosa Occidental (84),Nueva Escocia
Bosa,Bosa Occidental (84),Nueva Esperanza
Bosa,Bosa Occidental (84),Porvenir La Concepción
Bosa,Bosa Occidental (84),Porvenir Parcela 17A y 17B
Bosa,Bosa Occidental (84),Potreritos
Bosa,Bosa Occidental (84),San Antonio
Bosa,Bosa Occidental (84),San Antonio de Bosa
Bosa,Bosa Occidental (84),San Antonio de Escocia
Bosa,Bosa Occidental (84),San Antonio de Escocia II
Bosa,Bosa Occidental (84),San Bernardino
Bosa,Bosa Occidental (84),San Bernardino Sector II
Bosa,Bosa Occidental (84),San Bernardino Sector Protrerito
Bosa,Bosa Occidental (84),San Bernardino Sector Villa Emma
Bosa,Bosa Occidental (84),San Diego La Paz IV Sector
Bosa,Bosa Occidental (84),San Fernando N.S. de la Paz
Bosa,Bosa Occidental (84),San Javier
Bosa,Bosa Occidental (84),San Joaquín
Bosa,Bosa Occidental (84),San Jorge
Bosa,Bosa Occidental (84),San Jorge II
Bosa,Bosa Occidental (84),San Juanito
Bosa,Bosa Occidental (84),San Luis
Bosa,Bosa Occidental (84),San Luis II
Bosa,Bosa Occidental (84),San Martín
Bosa,Bosa Occidental (84),Santa Fe Bosa
Bosa,Bosa Occidental (84),Santa Lucía
Bosa,Bosa Occidental (84),Sub Santa Lucía
Bosa,Bosa Occidental (84),Sub Triángulo Las Materas
Bosa,Bosa Occidental (84),Sub Urb. Claretiana
Bosa,Bosa Occidental (84),Urbanización La Aurora
Bosa,Bosa Occidental (84),Urbanización La Esperanza
Bosa,Bosa Occidental (84),Urbanización La Sultana
Bosa,Bosa Occidental (84),Urbanización San Pedro
Bosa,Bosa Occidental (84),Vereda El Porvenir Sector Brasil
Bosa,Bosa Occidental (84),Villa Carolina
Bosa,Bosa Occidental (84),Villa Clemencia
Bosa,Bosa Occidental (84),Villa Clemencia Sector Tierra Grata
Bosa,Bosa Occidental (84),Villa Colombia
Bosa,Bosa Occidental (84),Villa Colombia II
Bosa,Bosa Occidental (84),Villa de Los Comuneros
Bosa,Bosa Central (85),Andalucía
Bosa,Bosa Central (85),Andalucía II
Bosa,Bosa Central (85),Antonia Santos
Bosa,Bosa Central (85),Argelia
Bosa,Bosa Central (85),Argelia II
Bosa,Bosa Central (85),Bosa (Centro)
Bosa,Bosa Central (85),Bosa La Azucena Mz A
Bosa,Bosa Central (85),Bosa La Azucena Mz B
Bosa,Bosa Central (85),Bosa La Estación
Bosa,Bosa Central (85),Bosa Las Margaritas
Bosa,Bosa Central (85),Bosa Llano de Bosa (San Eduardo)
Bosa,Bosa Central (85),Bosa Nova El Porvenir
Bosa,Bosa Central (85),Carlos Albán
Bosa,Bosa Central (85),Carlos Albán Holguín Nueva Granada
Bosa,Bosa Central (85),Carlos Albán Sector Israelita
Bosa,Bosa Central (85),Carlos Albán Sector Miraflores
Bosa,Bosa Central (85),Charles de Gaulle
Bosa,Bosa Central (85),Charles de Gaulle II
Bosa,Bosa Central (85),Claretiano
Bosa,Bosa Central (85),El Jardín
Bosa,Bosa Central (85),El Jardín San Eugenio
Bosa,Bosa Central (85),El Llano (Sector Guzmán)
Bosa,Bosa Central (85),El Llano Mz A
Bosa,Bosa Central (85),El Llano Sector Fandiño
Bosa,Bosa Central (85),El Palmar
Bosa,Bosa Central (85),El Portal I y II Sector
Bosa,Bosa Central (85),El Progreso
Bosa,Bosa Central (85),El Retazo
Bosa,Bosa Central (85),El Triunfo (Sector Bosa Central)
Bosa,Bosa Central (85),Gran Colombiano
Bosa,Bosa Central (85),Gran Colombiano II Sector
Bosa,Bosa Central (85),Gualoche
Bosa,Bosa Central (85),Hermanos Barragán
Bosa,Bosa Central (85),Humberto Valencia I
Bosa,Bosa Central (85),Humberto Valencia II
Bosa,Bosa Central (85),Islandia
Bosa,Bosa Central (85),Islandia II Sector
Bosa,Bosa Central (85),Islandia III Sector
Bosa,Bosa Central (85),Jiménez de Quesada
Bosa,Bosa Central (85),Jiménez de Quesada II Sector
Bosa,Bosa Central (85),José Antonio Galán
Bosa,Bosa Central (85),José María Carbonell I Sector
Bosa,Bosa Central (85),José María Carbonell II Sector
Bosa,Bosa Central (85),La Amistad
Bosa,Bosa Central (85),La Aurora
Bosa,Bosa Central (85),La Azucena
Bosa,Bosa Central (85),La Azucena Sector El Triángulo
Bosa,Bosa Central (85),La Cruz de Terreros
Bosa,Bosa Central (85),La Ele II Sector Los Laureles
Bosa,Bosa Central (85),La Esmeralda
Bosa,Bosa Central (85),La Esperanza de Tibanica
Bosa,Bosa Central (85),La Estación
Bosa,Bosa Central (85),La Paz San Ignacio
Bosa,Bosa Central (85),Las Margaritas
Bosa,Bosa Central (85),Las Margaritas III
Bosa,Bosa Central (85),Laureles La Estación
Bosa,Bosa Central (85),Laureles III Sector
Bosa,Bosa Central (85),Llano Oriental
Bosa,Bosa Central (85),Los Centauros
Bosa,Bosa Central (85),Los Laureles del Sur
Bosa,Bosa Central (85),Los Naranjos
Bosa,Bosa Central (85),Los Sauces
Bosa,Bosa Central (85),Los Sauces Sector Los Cedros
Bosa,Bosa Central (85),Macarena La Y
Bosa,Bosa Central (85),Manzanares
Bosa,Bosa Central (85),Naranjos El Retazo
Bosa,Bosa Central (85),Nicolás Escobar
Bosa,Bosa Central (85),Nueva Granada
Bosa,Bosa Central (85),Nueva Granada II Sector
Bosa,Bosa Central (85),Nueva Granada V Sector
Bosa,Bosa Central (85),Osorio X
Bosa,Bosa Central (85),Osorio XIII
Bosa,Bosa Central (85),Pablo VI
Bosa,Bosa Central (85),Paso Ancho
Bosa,Bosa Central (85),Piamonte
Bosa,Bosa Central (85),Providencia
Bosa,Bosa Central (85),Riviera II
Bosa,Bosa Central (85),Rubén Galán
Bosa,Bosa Central (85),Sabio Caldas
Bosa,Bosa Central (85),San Diego
Bosa,Bosa Central (85),San Eugenio
Bosa,Bosa Central (85),San Eugenio II
Bosa,Bosa Central (85),San José Los Naranjos
Bosa,Bosa Central (85),San Judas B
Bosa,Bosa Central (85),San Pablo I Sector
Bosa,Bosa Central (85),San Pablo II Sector
Bosa,Bosa Central (85),Santa Fe
Bosa,Bosa Central (85),Santa Lucía
Bosa,Bosa Central (85),Santa Marta Casa Caída
Bosa,Bosa Central (85),Sub Urbanización Claretiana
Bosa,Bosa Central (85),Tívoli
Bosa,Bosa Central (85),Urbanización El Tanque de Bosa
Bosa,Bosa Central (85),Urbanización Getsemaní
Bosa,Bosa Central (85),Urbanización La Avenida Bosa
Bosa,Bosa Central (85),Urbanización Llano Oriental
Bosa,Bosa Central (85),Urbanización Tanque de Bosa
Bosa,Bosa Central (85),Vereda Sector San José Villa Anay
Bosa,Bosa Central (85),Villa Anay
Bosa,Bosa Central (85),Villa Nohora
Bosa,Bosa Central (85),Villas del Progreso
Bosa,Bosa Central (85),Villa Karen
Bosa,Bosa Central (85),Villa Karen El Recreo
Bosa,Bosa Central (85),Xochimilco
Bosa,Bosa Central (85),Yuli Fernanda
Bosa,El Porvenir (86),Antonio Nariño
Bosa,El Porvenir (86),Bosa Nova El Porvenir
Bosa,El Porvenir (86),Caldas
Bosa,El Porvenir (86),Campo Hermoso
Bosa,El Porvenir (86),Cañaveralejo
Bosa,El Porvenir (86),Casa Nueva
Bosa,El Porvenir (86),Chicó Sur
Bosa,El Porvenir (86),Chicalá
Bosa,El Porvenir (86),Ciudadela La Libertad II
Bosa,El Porvenir (86),El Anhelo
Bosa,El Porvenir (86),El Corzo Desarrollo
Bosa,El Porvenir (86),El Porvenir II Sector
Bosa,El Porvenir (86),El Porvenir III
Bosa,El Porvenir (86),El Porvenir Sector Brasil
Bosa,El Porvenir (86),El Porvenir San Luis
Bosa,El Porvenir (86),El Progreso II Sector
Bosa,El Porvenir (86),El Recuerdo
Bosa,El Porvenir (86),El Recuerdo 4 A
Bosa,El Porvenir (86),El Recuerdo II
Bosa,El Porvenir (86),El Recuerdo de Santa Fe
Bosa,El Porvenir (86),Los Eucaliptos
Bosa,El Porvenir (86),Paso Ancho
Bosa,El Porvenir (86),Villa Carolina
Bosa,El Porvenir (86),Villa Clemencia
Bosa,El Porvenir (86),Villa Clemencia Sector Tierra Grata
Bosa,El Porvenir (86),Villa Colombia
Bosa,El Porvenir (86),Villa Esmeralda
Bosa,Tintal Sur (87),Ciudadela El Recreo
Bosa,Tintal Sur (87),El Matorral
Bosa,Tintal Sur (87),El Matorral de San Bernardino
Bosa,Tintal Sur (87),El Triunfo
Bosa,Tintal Sur (87),El Triunfo de San Bernardino
Bosa,Tintal Sur (87),Kasay de los Venados (en Ciudadela El Recreo)
Bosa,Tintal Sur (87),La Vega de San Bernardino Bajo
Bosa,Tintal Sur (87),Potreritos
Bosa,Tintal Sur (87),San Bernardino Sector Potrerito
Bosa,Tintal Sur (87),San Bernardino XVI
Bosa,Tintal Sur (87),San Bernardino XVII
Bosa,Tintal Sur (87),San Bernardino XVIII
Bosa,Tintal Sur (87),San Bernardino XIX
Bosa,Tintal Sur (87),San Bernardino XXII
Bosa,Tintal Sur (87),San Bernardino XXV
Bosa,Tintal Sur (87),Santa Mónica I-IV etapas (en Ciudadela El Recreo)
Bosa,Tintal Sur (87),Vereda de San Bernardino (Sectores 16, 17, 18, 19, 22, 25)
Bosa,Tintal Sur (87),Vereda San José Sector II
Bosa,Tintal Sur (87),Villas de Vizcaya (en Ciudadela El Recreo)
Kennedy,Castilla (46),Aloha Sector Norte
Kennedy,Castilla (46),Andalucía
Kennedy,Castilla (46),Andalucía II Sector
Kennedy,Castilla (46),Agrupación de Vivienda Pío XII
Kennedy,Castilla (46),Bavaria
Kennedy,Castilla (46),Bavaria Techo II Sector I Etapa
Kennedy,Castilla (46),Bavaria Techo II Sector II Etapa
Kennedy,Castilla (46),Bosques de Castilla
Kennedy,Castilla (46),Castilla (Barrio)
Kennedy,Castilla (46),Ciudad Don Bosco
Kennedy,Castilla (46),Ciudad Favidi
Kennedy,Castilla (46),Ciudad Techo 1
Kennedy,Castilla (46),El Castillo
Kennedy,Castilla (46),El Condado de la Paz
Kennedy,Castilla (46),El Rincón de Castilla
Kennedy,Castilla (46),El Rincón de Los Ángeles
Kennedy,Castilla (46),El Tintal
Kennedy,Castilla (46),El Vergel
Kennedy,Castilla (46),El Vergel Occidental
Kennedy,Castilla (46),Lagos de Castilla
Kennedy,Castilla (46),Las Dos Avenidas I Etapa
Kennedy,Castilla (46),Las Dos Avenidas II Etapa
Kennedy,Castilla (46),Monterrey
Kennedy,Castilla (46),Nuestra Señora de la Paz
Kennedy,Castilla (46),Perpetuo Socorro II
Kennedy,Castilla (46),Pío XII
Kennedy,Castilla (46),San Juan del Castillo
Kennedy,Castilla (46),San José Occidental
Kennedy,Castilla (46),Santa Catalina Sector I
Kennedy,Castilla (46),Santa Catalina Sector II
Kennedy,Castilla (46),Santa Cecilia
Kennedy,Castilla (46),Urbanización Bavaria
Kennedy,Castilla (46),Urbanización Castilla La Nueva
Kennedy,Castilla (46),Urbanización Castilla Los Mandriles
Kennedy,Castilla (46),Urbanización Castilla Real
Kennedy,Castilla (46),Urbanización Castilla Reservado
Kennedy,Castilla (46),Urbanización Catania
Kennedy,Castilla (46),Urbanización Pío XII
Kennedy,Castilla (46),Urbanización Pío XII Valladolid
Kennedy,Castilla (46),Villa Galante
Kennedy,Castilla (46),Villa Liliana
Kennedy,Castilla (46),Villa Mariana
Kennedy,Castilla (46),Visión de Colombia
Bosa,Apogeo (49),Agrupación Multifamiliar Villa Emilia
Bosa,Apogeo (49),Andalucía (Desarrollo)
Bosa,Apogeo (49),Carboquímica Ltda
Bosa,Apogeo (49),Cementerio
Bosa,Apogeo (49),Ciudadela Industrial R.C.
Bosa,Apogeo (49),Class
Bosa,Apogeo (49),El Motorista
Bosa,Apogeo (49),El Portal San Bernardino
Bosa,Apogeo (49),Fábrica General Electric
Bosa,Apogeo (49),Finca San Nicolás
Bosa,Apogeo (49),Hermanos Barragán
Bosa,Apogeo (49),Industrial
Bosa,Apogeo (49),Induagro Ltda
Bosa,Apogeo (49),Jaqueline
Bosa,Apogeo (49),Jardines del Apogeo
Bosa,Apogeo (49),José Antonio Galán (Desarrollo)
Bosa,Apogeo (49),La Estación
Bosa,Apogeo (49),La Ilusión (Desarrollo)
Bosa,Apogeo (49),La Riviera
Bosa,Apogeo (49),La Estancia
Bosa,Apogeo (49),Movil Oil Company
Bosa,Apogeo (49),Nicolás Escobar
Bosa,Apogeo (49),Nuevo Chile
Bosa,Apogeo (49),Olarte (Urbanización)
Bosa,Apogeo (49),Panaco-Indega
Bosa,Apogeo (49),Predio La Vega
Bosa,Apogeo (49),Primavera Sur
Bosa,Apogeo (49),Providencia
Bosa,Apogeo (49),San Eugenio
Bosa,Apogeo (49),San Eugenio II
Bosa,Apogeo (49),San Isidro
Bosa,Apogeo (49),San Bernardino
Bosa,Apogeo (49),San Bernardino Sector II
Bosa,Apogeo (49),San Bernardino Sector Potrerito
Bosa,Apogeo (49),San Bernardino Sector Villa Emma
Bosa,Apogeo (49),Topluz
Bosa,Apogeo (49),Urbanización Clarelandia del Sur
Bosa,Apogeo (49),Urbanización Gecolsa
Bosa,Apogeo (49),Urbanización Villa del Río
Bosa,Apogeo (49),Urbanización Villa Ñora
Bosa,Apogeo (49),Villa del Río II - VII Etapas
Kennedy,Américas (44),Agrupación Pío X
Kennedy,Américas (44),Alférez Real
Kennedy,Américas (44),Aloha
Kennedy,Américas (44),Alsacia
Kennedy,Américas (44),Américas Central
Kennedy,Américas (44),Américas Occidental I, II y III Etapa
Kennedy,Américas (44),Américas Sector Galán
Kennedy,Américas (44),Antiguo Hipódromo de Techo II Etapa
Kennedy,Américas (44),Áticos de las Américas
Kennedy,Américas (44),Cooperativa de Suboficiales
Kennedy,Américas (44),El Condado de la Paz
Kennedy,Américas (44),La Igualdad I Sector
Kennedy,Américas (44),La Igualdad II Sector
Kennedy,Américas (44),La Llanura Manzana P
Kennedy,Américas (44),Las Américas
Kennedy,Américas (44),Los Pinos de Marsella
Kennedy,Américas (44),Los Sauces (Sauces Robles)
Kennedy,Américas (44),Lusitania
Kennedy,Américas (44),Marsella
Kennedy,Américas (44),Marsella Sector Norte I y II
Kennedy,Américas (44),Multifamiliares La Paz El Ferrol
Kennedy,Américas (44),Nuestra Señora de La Paz
Kennedy,Américas (44),San José Occidental
Kennedy,Américas (44),Talavera de la Reina (Agrupación de Vivienda Talavera)
Kennedy,Américas (44),Unidad Oviedo
Kennedy,Américas (44),Urbanización Bavaria
Kennedy,Américas (44),Villa Adriana
Kennedy,Carvajal (45),Alquería de la Fragua
Kennedy,Carvajal (45),Alquerías de la Fragua Sector San Pedro
Kennedy,Carvajal (45),Alquerías de la Fragua Sector Santa Yolanda
Kennedy,Carvajal (45),Carvajal
Kennedy,Carvajal (45),Carvajal II Sector
Kennedy,Carvajal (45),Carvajal Osorio
Kennedy,Carvajal (45),Carvajal Techo I Sector
Kennedy,Carvajal (45),Condado El Rey
Kennedy,Carvajal (45),Desarrollo Nueva York
Kennedy,Carvajal (45),El Progreso I Sector
Kennedy,Carvajal (45),El Progreso II Sector
Kennedy,Carvajal (45),El Triángulo
Kennedy,Carvajal (45),Favidi (Conjunto Residencial)
Kennedy,Carvajal (45),Fundadores
Kennedy,Carvajal (45),Jardines de Castilla
Kennedy,Carvajal (45),La Chucua
Kennedy,Carvajal (45),Las Delicias
Kennedy,Carvajal (45),Provivienda
Kennedy,Carvajal (45),Provivienda Oriental
Kennedy,Carvajal (45),Renania (Antes La Chucua)
Kennedy,Carvajal (45),Urbanización Carvajal
Kennedy,Carvajal (45),Urbanización Los Pinos
Kennedy,Carvajal (45),Valencia La Chucua
Kennedy,Carvajal (45),Villa Adriana
Kennedy,Carvajal (45),Villa Lucerna
Kennedy,Kennedy Central (47),Abraham Lincoln
Kennedy,Kennedy Central (47),Bertha Hernández de Ospina (Urbanización)
Kennedy,Kennedy Central (47),Camilo Torres
Kennedy,Kennedy Central (47),Centroamérica (Urbanización)
Kennedy,Kennedy Central (47),Ciudad Kennedy Central
Kennedy,Kennedy Central (47),Ciudad Kennedy Norte
Kennedy,Kennedy Central (47),Ciudad Kennedy Occidental
Kennedy,Kennedy Central (47),Ciudad Kennedy Oriental
Kennedy,Kennedy Central (47),Ciudad Kennedy Sur
Kennedy,Kennedy Central (47),Ciudad Kennedy Súper Manzana 10
Kennedy,Kennedy Central (47),Ciudad Kennedy Súper Manzana 13
Kennedy,Kennedy Central (47),Conjunto Residencial Manuel Mejía
Kennedy,Kennedy Central (47),El Descanso
Kennedy,Kennedy Central (47),El Jordán
Kennedy,Kennedy Central (47),El Jordán II y III
Kennedy,Kennedy Central (47),El Palenque
Kennedy,Kennedy Central (47),El Porvenir II Sector
Kennedy,Kennedy Central (47),Kennedy Norte Súper Manzana 11
Kennedy,Kennedy Central (47),La Unidad
Kennedy,Kennedy Central (47),Mandalay I Sector
Kennedy,Kennedy Central (47),Mandalay Etapa A Sector II
Kennedy,Kennedy Central (47),Nuevo Kennedy El Descanso
Kennedy,Kennedy Central (47),Onasis
Kennedy,Kennedy Central (47),Sagrado Corazón
Kennedy,Kennedy Central (47),San Martín de Porres
Kennedy,Kennedy Central (47),Santa Catalina
Kennedy,Kennedy Central (47),Urbanización El Parque
Kennedy,Kennedy Central (47),Urbanización Kennedy Súper Manzana 8
Kennedy,Kennedy Central (47),Urbanización Santa Luisa
Kennedy,Kennedy Central (47),Vasconia II
Kennedy,Kennedy Central (47),Villa de los Sauces
Kennedy,Kennedy Central (47),Villa Rica
Kennedy,Kennedy Central (47),Visión de Colombia
Kennedy,Timiza (48),ACIP
Kennedy,Timiza (48),Alameda de Timiza
Kennedy,Timiza (48),Alfonso Montaña
Kennedy,Timiza (48),Berlín
Kennedy,Timiza (48),Boitá
Kennedy,Timiza (48),Boitá I Sector
Kennedy,Timiza (48),Boitá II Sector
Kennedy,Timiza (48),Casa Loma
Kennedy,Timiza (48),Catalina
Kennedy,Timiza (48),Catalina II
Kennedy,Timiza (48),El Paraíso
Kennedy,Timiza (48),Granada
Kennedy,Timiza (48),Humberto Valencia
Kennedy,Timiza (48),La Amistad
Kennedy,Timiza (48),Lago Timiza I y II Etapa
Kennedy,Timiza (48),Las Luces
Kennedy,Timiza (48),Miraflores
Kennedy,Timiza (48),Monterrey
Kennedy,Timiza (48),Nueva Timiza
Kennedy,Timiza (48),Olivos (Los)
Kennedy,Timiza (48),Pastranita III
Kennedy,Timiza (48),Río Bravo
Kennedy,Timiza (48),Roma
Kennedy,Timiza (48),Sacramento
Kennedy,Timiza (48),San Andrés
Kennedy,Timiza (48),San Jorge I y II
Kennedy,Timiza (48),San Vicente Ferrer
Kennedy,Timiza (48),Santa Catalina
Kennedy,Timiza (48),Sumapaz
Kennedy,Timiza (48),Timiza
Kennedy,Timiza (48),Tito Puente
Kennedy,Timiza (48),Tocarema
Kennedy,Timiza (48),Urbanización El Edén
Kennedy,Timiza (48),Urbanización La Unidad
Kennedy,Timiza (48),Urbanización Rincón de los Reyes
Kennedy,Timiza (48),Urbanización San Pedro
Kennedy,Timiza (48),Urbanización Techo
Kennedy,Timiza (48),Vegas de Santa Ana
Kennedy,Timiza (48),Villa de los Sauces
Kennedy,Timiza (48),Villa Nelly
Kennedy,Tintal Norte (78),El Tintal
Kennedy,Tintal Norte (78),El Tintal II
Kennedy,Tintal Norte (78),El Tintal III
Kennedy,Tintal Norte (78),El Tintal IV
Kennedy,Tintal Norte (78),La Magdalena
Kennedy,Tintal Norte (78),Sabana Grande
Kennedy,Tintal Norte (78),Santa Paz-Santa Elvira
Kennedy,Tintal Norte (78),Vereda El Tintal
Kennedy,Tintal Norte (78),Vereda El Tintal Urbano
Kennedy,Tintal Norte (78),Vereda El Tintal Rural
Kennedy,Calandaima (79),Calandaima
Kennedy,Calandaima (79),Ciudadela Primavera
Kennedy,Calandaima (79),Ciudadela Tierra Buena
Kennedy,Calandaima (79),Conjunto Residencial Gerona del Tintal
Kennedy,Calandaima (79),Conjunto Residencial Prados de Castilla I, II y III
Kennedy,Calandaima (79),Galán
Kennedy,Calandaima (79),Osorio
Kennedy,Calandaima (79),Osorio - Tintalá
Kennedy,Calandaima (79),Santa Fe del Tintal
Kennedy,Calandaima (79),Tintalá
Kennedy,Calandaima (79),Urbanización Unir Uno (Predio Calandaima)
Kennedy,Corabastos (80),Amparo Cañizares
Kennedy,Corabastos (80),Corabastos
Kennedy,Corabastos (80),Cayetano Cañizares
Kennedy,Corabastos (80),Chucua de la Vaca
Kennedy,Corabastos (80),El Amparo
Kennedy,Corabastos (80),El Llanito
Kennedy,Corabastos (80),El Olivo
Kennedy,Corabastos (80),El Portal de Patio Bonito
Kennedy,Corabastos (80),El Saucedal
Kennedy,Corabastos (80),Llano Grande
Kennedy,Corabastos (80),María Paz
Kennedy,Corabastos (80),Pinar del Río
Kennedy,Corabastos (80),Pinar del Río II
Kennedy,Corabastos (80),San Carlos
Kennedy,Corabastos (80),Villa de la Loma
Kennedy,Corabastos (80),Villa de la Loma II Sector Mz 31 y 32
Kennedy,Gran Britalia (81),Alfonso López Michelsen
Kennedy,Gran Britalia (81),Altamar
Kennedy,Gran Britalia (81),Bellavista
Kennedy,Gran Britalia (81),Campo Hermoso
Kennedy,Gran Britalia (81),Casablanca Sur
Kennedy,Gran Britalia (81),Class
Kennedy,Gran Britalia (81),El Almenar
Kennedy,Gran Britalia (81),El Carmelo
Kennedy,Gran Britalia (81),El Pencil
Kennedy,Gran Britalia (81),El Porvenir (Britalia)
Kennedy,Gran Britalia (81),El Progreso I y II Sector
Kennedy,Gran Britalia (81),El Triángulo
Kennedy,Gran Britalia (81),Floralía I y II Sector
Kennedy,Gran Britalia (81),Gran Britalia
Kennedy,Gran Britalia (81),La Esperanza
Kennedy,Gran Britalia (81),La María
Kennedy,Gran Britalia (81),Nueva Esperanza
Kennedy,Gran Britalia (81),Parques del Tintal (Campo Alegre Londoño)
Kennedy,Gran Britalia (81),Pastranita I Sector
Kennedy,Gran Britalia (81),Vereda La Balsa
Kennedy,Gran Britalia (81),Villa Anita
Kennedy,Gran Britalia (81),Villa Clemencia Sector Villa Grata
Kennedy,Gran Britalia (81),Villa Nelly
Kennedy,Gran Britalia (81),Villa Nelly - Los Alisos
Kennedy,Gran Britalia (81),Villa Nelly III Sector
Localidad,UPZ,Barrio
Kennedy,Patio Bonito (82),Altamar
Kennedy,Patio Bonito (82),Avenida Cundinamarca
Kennedy,Patio Bonito (82),Barranquillita
Kennedy,Patio Bonito (82),Bellavista
Kennedy,Patio Bonito (82),Campo Hermoso
Kennedy,Patio Bonito (82),Ciudad de Cali
Kennedy,Patio Bonito (82),Ciudad Galán
Kennedy,Patio Bonito (82),Ciudad Granada
Kennedy,Patio Bonito (82),Dindalito
Kennedy,Patio Bonito (82),El Paraíso
Kennedy,Patio Bonito (82),El Patio III Sector
Kennedy,Patio Bonito (82),El Rosario
Kennedy,Patio Bonito (82),El Rosario III
Kennedy,Patio Bonito (82),El Saucedal
Kennedy,Patio Bonito (82),El Triunfo
Kennedy,Patio Bonito (82),Horizonte Occidente
Kennedy,Patio Bonito (82),Jazmín Occidental
Kennedy,Patio Bonito (82),La Rivera
Kennedy,Patio Bonito (82),La Rivera II Sector
Kennedy,Patio Bonito (82),Las Acacias
Kennedy,Patio Bonito (82),Las Brisas
Kennedy,Patio Bonito (82),Las Palmeras
Kennedy,Patio Bonito (82),Las Palmitas
Kennedy,Patio Bonito (82),Las Vegas
Kennedy,Patio Bonito (82),Los Almendros
Kennedy,Patio Bonito (82),Nueva Esperanza
Kennedy,Patio Bonito (82),Parques del Tintal (Campo Alegre Londoño)
Kennedy,Patio Bonito (82),Patio Bonito I
Kennedy,Patio Bonito (82),Patio Bonito II Sector
Kennedy,Patio Bonito (82),Puente La Vega
Kennedy,Patio Bonito (82),San Dionisio
Kennedy,Patio Bonito (82),San Marino
Kennedy,Patio Bonito (82),Santa Mónica
Kennedy,Patio Bonito (82),Sector II Altamar
Kennedy,Patio Bonito (82),Sumapaz
Kennedy,Patio Bonito (82),Tayrona
Kennedy,Patio Bonito (82),Tintalito
Kennedy,Patio Bonito (82),Tintalito II
Kennedy,Patio Bonito (82),Tocarema
Kennedy,Patio Bonito (82),Urb. Dindalito I Etapa
Kennedy,Patio Bonito (82),Villa Alexandra
Kennedy,Patio Bonito (82),Villa Andrés
Kennedy,Patio Bonito (82),Villa Hermosa
Kennedy,Patio Bonito (82),Villa Mendoza
Kennedy,Las Margaritas (83),Las Margaritas
Kennedy,Las Margaritas (83),Osorio XI
Kennedy,Las Margaritas (83),Osorio XII
Kennedy,Las Margaritas (83),Portal Américas (Parte)
Kennedy,Bavaria (113),Aloha
Kennedy,Bavaria (113),Alsacia
Kennedy,Bavaria (113),Áticos de las Américas
Kennedy,Bavaria (113),Cooperativa de Suboficiales
Kennedy,Bavaria (113),El Condado de la Paz
Kennedy,Bavaria (113),Los Pinos de Marsella
Kennedy,Bavaria (113),Lucitania
Kennedy,Bavaria (113),Marsella
Kennedy,Bavaria (113),Marsella Sector Norte I y II
Kennedy,Bavaria (113),Multifamiliares La Paz El Ferrol
Kennedy,Bavaria (113),Nuestra Señora de La Paz
Kennedy,Bavaria (113),San José Occidental
Kennedy,Bavaria (113),Unidad Oviedo
Kennedy,Bavaria (113),Urbanización Bavaria
Fontibón,Fontibón Centro,Arabia
Fontibón,Fontibón Centro,Atahualpa
Fontibón,Fontibón Centro,Azul
Fontibón,Fontibón Centro,Boston
Fontibón,Fontibón Centro,Centro A
Fontibón,Fontibón Centro,Conjunto Residencial Parques de Modelia
Fontibón,Fontibón Centro,Conjunto Residencial Villa Beatriz
Fontibón,Fontibón Centro,El Carmen
Fontibón,Fontibón Centro,El Cuco Sector La Estancia
Fontibón,Fontibón Centro,El Guadual
Fontibón,Fontibón Centro,El Jordán
Fontibón,Fontibón Centro,El Pedregal
Fontibón,Fontibón Centro,El Rubí
Fontibón,Fontibón Centro,Fontibón Centro
Fontibón,Fontibón Centro,La Cabaña
Fontibón,Fontibón Centro,La Giralda
Fontibón,Fontibón Centro,La Laguna
Fontibón,Fontibón Centro,La Perla
Fontibón,Fontibón Centro,Las Flores
Fontibón,Fontibón Centro,Las Brisas
Fontibón,Fontibón Centro,Palestina
Fontibón,Fontibón Centro,Rincón Santo
Fontibón,Fontibón Centro,Salamanca
Fontibón,Fontibón Centro,San Pedro y Santa Ana (parte)
Fontibón,Fontibón Centro,San Pedro Los Robles
Fontibón,Fontibón Centro,Torcoroma
Fontibón,Fontibón Centro,Unidad Residencial Montecarlo
Fontibón,Fontibón Centro,Urbanización Laredo
Fontibón,Fontibón Centro,Urbanización Los Cámbulos
Fontibón,Fontibón Centro,Urbanización Salamanca
Fontibón,Fontibón Centro,Urbanización Santiago
Fontibón,Fontibón Centro,Valle Verde
Fontibón,Fontibón Centro,Versalles
Fontibón,Fontibón Centro,Villa Carmenza
Fontibón,Fontibón Centro,La Estación (parte)
Fontibón,Fontibón San Pablo,Ambalema
Fontibón,Fontibón San Pablo,Bohíos de Hunza I y II
Fontibón,Fontibón San Pablo,Bohíos de Hunza III
Fontibón,Fontibón San Pablo,El Paraíso
Fontibón,Fontibón San Pablo,El Portal
Fontibón,Fontibón San Pablo,El Refugio
Fontibón,Fontibón San Pablo,El Triángulo
Fontibón,Fontibón San Pablo,Florencia
Fontibón,Fontibón San Pablo,Jericó
Fontibón,Fontibón San Pablo,La Aldea
Fontibón,Fontibón San Pablo,La Zelfita
Fontibón,Fontibón San Pablo,Prados de la Alameda
Fontibón,Fontibón San Pablo,Puente Grande
Fontibón,Fontibón San Pablo,San Pablo
Fontibón,Fontibón San Pablo,Selva Dorada
Fontibón,Fontibón San Pablo,Villa Liliana
Fontibón,Fontibón San Pablo,HB
Fontibón,Fontibón San Pablo,Recodo
Fontibón,Zona Franca,Cassandra
Fontibón,Zona Franca,El Charco
Fontibón,Zona Franca,El Chircal
Fontibón,Zona Franca,La Estancia Camino de Salazar
Fontibón,Zona Franca,Moravia
Fontibón,Zona Franca,Centenario
Fontibón,Zona Franca,Zona Franca
Fontibón,Ciudad Salitre Occidental,Ciudad Salitre Occidental
Fontibón,Ciudad Salitre Occidental,Carlos Lleras
Fontibón,Ciudad Salitre Occidental,La Esperanza Norte
Fontibón,Ciudad Salitre Occidental,Sausalito
Fontibón,Granjas de Techo,Ciudad Hayuelos
Fontibón,Granjas de Techo,Granjas de Techo
Fontibón,Granjas de Techo,Montevideo
Fontibón,Granjas de Techo,Paraíso Bavaria
Fontibón,Granjas de Techo,Visión Semi Industrial
Fontibón,Modelia,Ciudad Modelia
Fontibón,Modelia,Fuente del Dorado II Etapa
Fontibón,Modelia,Rincón de Modelia
Fontibón,Modelia,Santa Cecilia
Fontibón,Modelia,Urbanización Barrio Capellanía
Fontibón,Capellanía,Conjunto Residencial La Cofradía
Fontibón,Capellanía,La Rosita
Fontibón,Capellanía,Puerta de Teja
Fontibón,Capellanía,San José El Jardín
Fontibón,Capellanía,Veracruz
Fontibón,Aeropuerto El Dorado,El Bogotano Primer Sector
Fontibón,Aeropuerto El Dorado,Las Navetas
Fontibón,Aeropuerto El Dorado,Pueblo Viejo
Engativá,Las Ferias,Acapulco
Engativá,Las Ferias,Alejandría
Engativá,Las Ferias,Bellavista
Engativá,Las Ferias,Bellavista Occidental
Engativá,Las Ferias,Bonanza
Engativá,Las Ferias,Bosque Popular
Engativá,Las Ferias,Cataluña
Engativá,Las Ferias,Ciudad de Honda
Engativá,Las Ferias,El Dorado Norte
Engativá,Las Ferias,El Gualí
Engativá,Las Ferias,El Laurel
Engativá,Las Ferias,El Manantial
Engativá,Las Ferias,El Paseo
Engativá,Las Ferias,El Trébol
Engativá,Las Ferias,La Bonanza
Engativá,Las Ferias,La Cabaña
Engativá,Las Ferias,La Estrada
Engativá,Las Ferias,La Estradita
Engativá,Las Ferias,La Europa
Engativá,Las Ferias,La Marcela
Engativá,Las Ferias,La Reliquia
Engativá,Las Ferias,Las Ferias
Engativá,Las Ferias,Las Ferias Occidental
Engativá,Las Ferias,Las Galias
Engativá,Las Ferias,Metrópolis
Engativá,Las Ferias,Palo Blanco
Engativá,Las Ferias,Santo Domingo
Engativá,Minuto de Dios,Engativá Pueblo (parte)
Engativá,Minuto de Dios,Luis Carlos Galán
Engativá,Minuto de Dios,Minuto de Dios
Engativá,Minuto de Dios,Morisco
Engativá,Minuto de Dios,París Gaitán
Engativá,Minuto de Dios,Primavera Norte
Engativá,Boyacá Real,Boyacá
Engativá,Boyacá Real,El Carmelo
Engativá,Boyacá Real,El Refugio
Engativá,Boyacá Real,Florencia
Engativá,Boyacá Real,Florida Blanca
Engativá,Boyacá Real,La Almería
Engativá,Boyacá Real,La Granja
Engativá,Boyacá Real,La Salina
Engativá,Boyacá Real,La Soledad Norte
Engativá,Boyacá Real,Los Pinos Florencia
Engativá,Boyacá Real,Maratu
Engativá,Boyacá Real,París
Engativá,Boyacá Real,Santa Helenita
Engativá,Boyacá Real,Santa María del Lago
Engativá,Boyacá Real,Santa Rosita
Engativá,Boyacá Real,Tabora
Engativá,Boyacá Real,Veracruz
Engativá,Boyacá Real,Zarzamora
Engativá,Santa Cecilia,Engativá El Dorado
Engativá,Santa Cecilia,El Cedro
Engativá,Santa Cecilia,El Gaco
Engativá,Santa Cecilia,El Pedregal
Engativá,Santa Cecilia,El Porvenir
Engativá,Santa Cecilia,La Clarita
Engativá,Santa Cecilia,La Española
Engativá,Santa Cecilia,La Florida
Engativá,Santa Cecilia,La Soledad
Engativá,Santa Cecilia,Santa Cecilia
Engativá,Santa Cecilia,Villa Luz
Engativá,Bolivia,Bolivia
Engativá,Bolivia,Garcés Navas Oriental
Engativá,Bolivia,Gran Granada
Engativá,Bolivia,Quirigua
Engativá,Bolivia,Villas del Dorado-San Antonio
Engativá,Garcés Navas,Álamos
Engativá,Garcés Navas,Álamos Norte
Engativá,Garcés Navas,Andalucía Parques
Engativá,Garcés Navas,Bosques de Mariana
Engativá,Garcés Navas,El Cedro
Engativá,Garcés Navas,Garcés Navas
Engativá,Garcés Navas,Los Ángeles
Engativá,Garcés Navas,Molinos de Viento
Engativá,Garcés Navas,Plazuelas del Virrey
Engativá,Garcés Navas,San Basilio
Engativá,Garcés Navas,Santa Mónica
Engativá,Garcés Navas,Villa Amalia
Engativá,Garcés Navas,Villa Sagrario
Engativá,Garcés Navas,Villas de Granada
Engativá,Garcés Navas,Villas del Madrigal
Engativá,Engativá,Alameda
Engativá,Engativá,Centauros del Danubio
Engativá,Engativá,El Cedro
Engativá,Engativá,El Mirador
Engativá,Engativá,El Muelle
Engativá,Engativá,El Palmar
Engativá,Engativá,El Triángulo
Engativá,Engativá,El Verdún
Engativá,Engativá,Engativá Centro
Engativá,Engativá,Granjas El Dorado
Engativá,Engativá,La Cabaña
Engativá,Engativá,La Esperanza
Engativá,Engativá,La Faena
Engativá,Engativá,La Riviera
Engativá,Engativá,La Torquigua
Engativá,Engativá,Santa Lucía Norte
Engativá,Engativá,Las Mercedes
Engativá,Engativá,Las Palmas
Engativá,Engativá,Linterama
Engativá,Engativá,Los Laureles
Engativá,Engativá,Los Laureles-Sabanas El Dorado
Engativá,Engativá,Marandú
Engativá,Engativá,Porvenir
Engativá,Jardín Botánico,Jardín Botánico
Engativá,Jardín Botánico,Normandía
Engativá,Jardín Botánico,Salitre Nor-Occidental (parte)
Engativá,Álamos,Álamos (parte)
Engativá,Álamos,Álamos Industrial
Engativá,Álamos,El Dorado Industrial
Engativá,Álamos,El Mortiño
Engativá,Álamos,Puerta del Sol
Engativá,Álamos,San Antonio (parte)
Suba,La Academia,La Academia
Suba,Guaymaral,Conejera
Suba,Guaymaral,Guaymaral
Suba,San José de Bavaria,Gibraltar
Suba,San José de Bavaria,Guicani
Suba,San José de Bavaria,Mirandela
Suba,San José de Bavaria,Nueva Zelandia
Suba,San José de Bavaria,Oikos
Suba,San José de Bavaria,San Felipe
Suba,San José de Bavaria,San José de Bavaria
Suba,San José de Bavaria,Santa Catalina
Suba,San José de Bavaria,Tejares del Norte
Suba,San José de Bavaria,Villanova
Suba,San José de Bavaria,Villa del Prado
Suba,San José de Bavaria,Villa Lucy
Suba,La Alhambra,Alhambra
Suba,La Alhambra,El Batán
Suba,La Alhambra,El Recreo de los Frailes
Suba,La Alhambra,Estoril
Suba,La Alhambra,Ilarco
Suba,La Alhambra,Malibú
Suba,La Alhambra,Mónaco
Suba,La Alhambra,Pasadena
Suba,Casablanca Suba,Atenas
Suba,Casablanca Suba,Calatayud
Suba,Casablanca Suba,Casa Blanca I
Suba,Casablanca Suba,Casa Blanca II
Suba,Casablanca Suba,Casa Blanca Suba
Suba,Casablanca Suba,Casa Blanca Sec El Plan
Suba,Casablanca Suba,Casa Blanca Sec La Gruta
Suba,Casablanca Suba,Del Monte
Suba,Casablanca Suba,El Velero
Suba,Casablanca Suba,Escuela de Carabineros
Suba,Casablanca Suba,Potrerillo
Suba,Casablanca Suba,Potrerillos de Suba
Suba,Casablanca Suba,Prados de Santa Bárbara
Suba,Casablanca Suba,Puerta del Sol
Suba,Casablanca Suba,Rincón de Suba
Suba,Casablanca Suba,Rincón El Cóndor
Suba,Casablanca Suba,Rincón Escuela
Suba,Casablanca Suba,Riobamba
Suba,Casablanca Suba,Rodrigo Lara Bonilla
Suba,Casablanca Suba,San Cayetano
Suba,Casablanca Suba,San Isidro Norte
Suba,Casablanca Suba,San Jorge
Suba,Britalia,Britalia
Suba,Britalia,Britalia Norte
Suba,Britalia,Britalia San Diego
Suba,Britalia,Calima Norte
Suba,Britalia,Cantagallo
Suba,Britalia,Cantalejo
Suba,Britalia,Colpatria Santa Helena
Suba,Britalia,Colpatria Santa Helena II Sector
Suba,Britalia,El Paraíso de los 12 Apóstoles
Suba,Britalia,Gilmar
Suba,Britalia,Granada Norte
Suba,Britalia,Granjas de Namur
Suba,Britalia,La Chocita
Suba,Britalia,Los Eliseos
Suba,Britalia,Pijao de Oro
Suba,Britalia,Portales del Norte
Suba,Britalia,San Cipriano
Suba,Britalia,Villa Delia
Suba,Britalia,Vista Bella
Suba,El Prado,Alcalá
Suba,El Prado,Atabanza
Suba,El Prado,Bernal y Forero
Suba,El Prado,Cacihia
Suba,El Prado,Canodromo
Suba,El Prado,La Sultana
Suba,El Prado,Libertadores
Suba,El Prado,Los Prados de La Sultana
Suba,El Prado,Madeira
Suba,El Prado,Manuela Arluz
Suba,El Prado,Mazurén
Suba,El Prado,Niza IX
Suba,El Prado,Prado Pinzón
Suba,El Prado,Prado Sur
Suba,El Prado,Prado Veraniego
Suba,El Prado,Prado Veraniego Norte
Suba,El Prado,Prado Veraniego Sur
Suba,El Prado,San José del Spring
Suba,El Prado,San José del Prado
Suba,El Prado,Santa Helena
Suba,El Prado,Tarragona
Suba,El Prado,Tierra Linda
Suba,Niza,Calatrava
Suba,Niza,Campania
Suba,Niza,Ciudad Jardín Norte
Suba,Niza,Colina Campestre
Suba,Niza,Colinas de Suba
Suba,Niza,Córdoba
Suba,Niza,Covadonga
Suba,Niza,Gratamira
Suba,Niza,Iberia
Suba,Niza,Lagos de Córdoba
Suba,Niza,Las Villas
Suba,Niza,Lindaraja
Suba,Niza,Niza
Suba,Niza,Niza Norte
Suba,Niza,Niza Suba
Suba,Niza,Niza VIII
Suba,Niza,Prado Jardín
Suba,Niza,Provenza
Suba,Niza,Rincón de Iberia
Suba,Niza,Sotileza
Suba,La Floresta,Andes Norte
Suba,La Floresta,Club los Lagartos
Suba,La Floresta,Coasmedas
Suba,La Floresta,Julio Flórez
Suba,La Floresta,La Alborada
Suba,La Floresta,La Floresta Norte
Suba,La Floresta,Morato
Suba,La Floresta,Nuevo Monterrey
Suba,La Floresta,Pontevedra
Suba,La Floresta,Potosí
Suba,La Floresta,San Nicolás
Suba,La Floresta,Santa Rosa
Suba,La Floresta,Teusacá
Suba,Suba,Acacias
Suba,Suba,Alaska
Suba,Suba,Alcázar de Suba
Suba,Suba,Almendros Norte
Suba,Suba,Alto de la Toma
Suba,Suba,Bosques de San Jorge
Suba,Suba,Campanela
Suba,Suba,Costa Azul
Suba,Suba,El Pencil
Suba,Suba,El Pinar
Suba,Suba,El Pino
Suba,Suba,El Pórtico
Suba,Suba,El Salitre
Suba,Suba,Gloria Lara
Suba,Suba,Java
Suba,Suba,La Campiña
Suba,Suba,La Fontana
Suba,Suba,Las Orquídeas
Suba,Suba,Londres
Suba,Suba,Miraflores
Suba,Suba,Monarcas
Suba,Suba,Navetas
Suba,Suba,Pinar de Suba
Suba,Suba,Pinos de Lombardía
Suba,Suba,Portal de Las Mercedes
Suba,Suba,Pradera de Suba
Suba,Suba,Prados de Suba
Suba,Suba,San Carlos de Suba
Suba,Suba,Santa Cecilia
Suba,Suba,Santa Rita
Suba,Suba,Suba Compartir
Suba,Suba,Tibabuyes Universal
Suba,Suba,Toscana
Suba,Suba,Vereda Suba Rincón
Suba,Suba,Villa del Campo
Suba,Suba,Villa Esperanza
Suba,Suba,Villa Hermosa
Suba,Suba,Villa Susana
Suba,El Rincón,Alcaparros
Suba,El Rincón,Almirante Colón
Suba,El Rincón,Almonacid
Suba,El Rincón,Altos de Chozica
Suba,El Rincón,Altos de la Esperanza
Suba,El Rincón,Amberes
Suba,El Rincón,Antonio Granados
Suba,El Rincón,Arrayanes
Suba,El Rincón,Aures I
Suba,El Rincón,Aures II
Suba,El Rincón,Bella Vista
Suba,El Rincón,Bochalema
Suba,El Rincón,Catalina
Suba,El Rincón,Ciudad Hunza
Suba,El Rincón,Costa Rica
Suba,El Rincón,El Aguinaldo
Suba,El Rincón,El Arenal
Suba,El Rincón,El Carmen
Suba,El Rincón,El Cerezo
Suba,El Rincón,El Cóndor
Suba,El Rincón,El Jardín
Suba,El Rincón,El Jordán - La Esperanza
Suba,El Rincón,El Naranjal
Suba,El Rincón,El Ocal
Suba,El Rincón,El Palmar
Suba,El Rincón,El Poa
Suba,El Rincón,El Progreso (Rincón)
Suba,El Rincón,Guillermo Núñez
Suba,El Rincón,Jaime Bermeo
Suba,El Rincón,Japón
Suba,El Rincón,Java II Sector
Suba,El Rincón,La Aguadita
Suba,El Rincón,La Alameda
Suba,El Rincón,La Aurora
Suba,El Rincón,La Chucua
Suba,El Rincón,La Esmeralda
Suba,El Rincón,La Esperanza (Calle 131A)
Suba,El Rincón,La Estanzuela
Suba,El Rincón,La Flor
Suba,El Rincón,La Flora
Suba,El Rincón,La Manuelita
Suba,El Rincón,La Palma
Suba,El Rincón,La Trinitaria
Suba,El Rincón,Lago de Suba
Suba,El Rincón,Las Flores
Suba,El Rincón,Lombardía
Suba,El Rincón,Los Arrayanes
Suba,El Rincón,Los Naranjos
Suba,El Rincón,Los Nogales
Suba,El Rincón,Rincón de Suba
Suba,El Rincón,Rincón del Condor
Suba,El Rincón,Rincón Escuela
Suba,El Rincón,Riobamba
Suba,El Rincón,Rodrigo Lara Bonilla
Suba,El Rincón,San Cayetano
Suba,El Rincón,San Isidro Norte
Suba,El Rincón,San Jorge
Suba,El Rincón,Santa Inés - Santa Helena
Suba,El Rincón,Tuna Baja
Suba,El Rincón,Turingia
Suba,El Rincón,Villas del Rincón
Suba,Tibabuyes,Atenas
Suba,Tibabuyes,Aures II Sector La Planta
Suba,Tibabuyes,Berlín
Suba,Tibabuyes,Berlín IV Sector
Suba,Tibabuyes,Bilbao
Suba,Tibabuyes,Bilbao I Sector
Suba,Tibabuyes,Bilbao II Sector
Suba,Tibabuyes,Cañiza I,
Suba,Tibabuyes,Carolina II y III
Suba,Tibabuyes,Compartir
Suba,Tibabuyes,El Cedro
Suba,Tibabuyes,La Gaitana
Suba,Tibabuyes,La Isabela
Suba,Tibabuyes,Lisboa
Suba,Tibabuyes,Los Nogales de Tibabuyes
Suba,Tibabuyes,Miramar
Suba,Tibabuyes,Nueva Tibabuyes
Suba,Tibabuyes,Nuevo Corinto Sector E
Suba,Tibabuyes,Prados de Santa Barbara
Suba,Tibabuyes,Rincón de Boyacá
Suba,Tibabuyes,Sabana de Tibabuyes
Suba,Tibabuyes,San Carlos de Tibabuyes
Suba,Tibabuyes,San Miguel Tibabuyes
Suba,Tibabuyes,San Pedro
Suba,Tibabuyes,San Pedro de Tibabuyes
Suba,Tibabuyes,Santa Ana de Suba
Suba,Tibabuyes,Santa Barbara Tibabuyes
Suba,Tibabuyes,Santa Cecilia
Suba,Tibabuyes,Santa Inés
Barrios Unidos,Los Andes,Conjunto Residencial Calle 100
Barrios Unidos,Los Andes,Entrerríos
Barrios Unidos,Los Andes,Escuela Militar de Cadetes
Barrios Unidos,Los Andes,La Castellana
Barrios Unidos,Los Andes,La Patria
Barrios Unidos,Los Andes,Los Andes
Barrios Unidos,Los Andes,Rionegro
Barrios Unidos,Los Andes,Urbanización San Martín
Barrios Unidos,Los Andes,Villa Calasanz
Barrios Unidos,Los Andes,Vizcaya
Barrios Unidos,Doce de Octubre,Benjamín Herrera
Barrios Unidos,Doce de Octubre,Catorce de Septiembre
Barrios Unidos,Doce de Octubre,Doce de Octubre
Barrios Unidos,Doce de Octubre,El Ferrol
Barrios Unidos,Doce de Octubre,José Joaquín Vargas
Barrios Unidos,Doce de Octubre,La Merced Norte
Barrios Unidos,Doce de Octubre,La Paz
Barrios Unidos,Doce de Octubre,Los Artesanos
Barrios Unidos,Doce de Octubre,Metrópolis
Barrios Unidos,Doce de Octubre,Nuevo Alcázar
Barrios Unidos,Doce de Octubre,R. E. C. (Restrepo
Barrios Unidos,Doce de Octubre,San Fernando Occidental
Barrios Unidos,Doce de Octubre,San Miguel
Barrios Unidos,Doce de Octubre,Santa Rosa
Barrios Unidos,Doce de Octubre,Urbanización Floresta
Barrios Unidos,Doce de Octubre,Urb. Industrial La Cabaña
Barrios Unidos,Los Alcázares,Alcázares
Barrios Unidos,Los Alcázares,Baquero
Barrios Unidos,Los Alcázares,Benjamín Herrera
Barrios Unidos,Los Alcázares,Concepción Norte
Barrios Unidos,Los Alcázares,El Rosario
Barrios Unidos,Los Alcázares,Juan XXIII
Barrios Unidos,Los Alcázares,La Aurora
Barrios Unidos,Los Alcázares,Muequetá
Barrios Unidos,Los Alcázares,San Fernando
Barrios Unidos,Los Alcázares,Siete de Agosto
Barrios Unidos,Parque el Salitre,El Lago (parte Norte)
Barrios Unidos,Parque el Salitre,El Salitre
Barrios Unidos,Parque el Salitre,Galerías (parte Norte)
Barrios Unidos,Parque el Salitre,La Esmeralda
Barrios Unidos,Parque el Salitre,Pablo VI (parte Norte)
Barrios Unidos,Parque el Salitre,Quinta Mutis
Teusaquillo,Galerías (UPZ 100),Alfonso López
Teusaquillo,Galerías (UPZ 100),Banco Central
Teusaquillo,Galerías (UPZ 100),Belalcázar
Teusaquillo,Galerías (UPZ 100),Campín
Teusaquillo,Galerías (UPZ 100),Chapinero Occidental
Teusaquillo,Galerías (UPZ 100),Galerías
Teusaquillo,Galerías (UPZ 100),San Luis
Teusaquillo,Teusaquillo (UPZ 101),Armenia
Teusaquillo,Teusaquillo (UPZ 101),Estrella
Teusaquillo,Teusaquillo (UPZ 101),La Magdalena
Teusaquillo,Teusaquillo (UPZ 101),La Soledad
Teusaquillo,Teusaquillo (UPZ 101),Las Américas
Teusaquillo,Teusaquillo (UPZ 101),Palermo
Teusaquillo,Teusaquillo (UPZ 101),Quesada
Teusaquillo,Teusaquillo (UPZ 101),Santa Teresita
Teusaquillo,Teusaquillo (UPZ 101),Teusaquillo
Teusaquillo,Parque Simón Bolívar-CAN (UPZ 104),Cantón Norte
Teusaquillo,Parque Simón Bolívar-CAN (UPZ 104),Estación Central
Teusaquillo,Parque Simón Bolívar-CAN (UPZ 104),Gran América
Teusaquillo,Parque Simón Bolívar-CAN (UPZ 104),Salitre Greco
Teusaquillo,La Esmeralda (UPZ 106),La Esmeralda
Teusaquillo,La Esmeralda (UPZ 106),Nicolás de Federmán
Teusaquillo,La Esmeralda (UPZ 106),Nuevo Campín
Teusaquillo,La Esmeralda (UPZ 106),Pablo VI
Teusaquillo,La Esmeralda (UPZ 106),Quirinal
Teusaquillo,La Esmeralda (UPZ 106),Rafael Núñez
Teusaquillo,Quinta Paredes (UPZ 107),Acevedo Tejada
Teusaquillo,Quinta Paredes (UPZ 107),Cama Vieja
Teusaquillo,Quinta Paredes (UPZ 107),Centro Nariño
Teusaquillo,Quinta Paredes (UPZ 107),El Recuerdo
Teusaquillo,Quinta Paredes (UPZ 107),Quinta Paredes
Teusaquillo,Ciudad Salitre Oriental (UPZ 109),Ciudad Salitre Nororiental
Teusaquillo,Ciudad Salitre Oriental (UPZ 109),Ciudad Salitre Suroriental
Los Mártires,Santa Isabel (UPZ 37),Eduardo Santos
Los Mártires,Santa Isabel (UPZ 37),El Progreso
Los Mártires,Santa Isabel (UPZ 37),El Vergel
Los Mártires,Santa Isabel (UPZ 37),Santa Isabel
Los Mártires,Santa Isabel (UPZ 37),Veraguas
Los Mártires,La Sabana (UPZ 102),Colseguros
Los Mártires,La Sabana (UPZ 102),El Listón
Los Mártires,La Sabana (UPZ 102),Florida
Los Mártires,La Sabana (UPZ 102),La Estanzuela
Los Mártires,La Sabana (UPZ 102),La Favorita
Los Mártires,La Sabana (UPZ 102),La Pepita
Los Mártires,La Sabana (UPZ 102),La Sabana
Los Mártires,La Sabana (UPZ 102),Paloquemao
Los Mártires,La Sabana (UPZ 102),Panamericano
Los Mártires,La Sabana (UPZ 102),Pensilvania
Los Mártires,La Sabana (UPZ 102),Ricaurte
Los Mártires,La Sabana (UPZ 102),Samper Mendoza
Los Mártires,La Sabana (UPZ 102),San Façon
Los Mártires,La Sabana (UPZ 102),San Victorino
Los Mártires,La Sabana (UPZ 102),Santa Fe
Los Mártires,La Sabana (UPZ 102),Usatama
Los Mártires,La Sabana (UPZ 102),Voto Nacional
Antonio Nariño,Ciudad Jardín (UPZ 35),Caracas
Antonio Nariño,Ciudad Jardín (UPZ 35),Ciudad Berna
Antonio Nariño,Ciudad Jardín (UPZ 35),Ciudad Jardín Sur
Antonio Nariño,Ciudad Jardín (UPZ 35),La Hortúa
Antonio Nariño,Ciudad Jardín (UPZ 35),Policarpa
Antonio Nariño,Ciudad Jardín (UPZ 35),Sevilla
Antonio Nariño,Restrepo (UPZ 38),Eduardo Freí
Antonio Nariño,Restrepo (UPZ 38),La Fragua
Antonio Nariño,Restrepo (UPZ 38),La Fraguita
Antonio Nariño,Restrepo (UPZ 38),Restrepo
Antonio Nariño,Restrepo (UPZ 38),San Antonio
Antonio Nariño,Restrepo (UPZ 38),San Jorge Central
Antonio Nariño,Restrepo (UPZ 38),Santander
Antonio Nariño,Restrepo (UPZ 38),Cinco de Noviembre
Antonio Nariño,Restrepo (UPZ 38),Villa Mayor
Antonio Nariño,Luna (UPZ 39),Luna Park (incluye Bima y San Antonio)
Antonio Nariño,Luna (UPZ 39),Vergel Central (parte sur)
Puente Aranda,Ciudad Montes (UPZ 40),Bochica
Puente Aranda,Ciudad Montes (UPZ 40),Carabelas
Puente Aranda,Ciudad Montes (UPZ 40),Ciudad Montes
Puente Aranda,Ciudad Montes (UPZ 40),El Sol
Puente Aranda,Ciudad Montes (UPZ 40),Jazmín
Puente Aranda,Ciudad Montes (UPZ 40),Jorge Gaitán Cortés
Puente Aranda,Ciudad Montes (UPZ 40),La Asunción
Puente Aranda,Ciudad Montes (UPZ 40),La Camelia
Puente Aranda,Ciudad Montes (UPZ 40),La Guaca
Puente Aranda,Ciudad Montes (UPZ 40),Los Comuneros
Puente Aranda,Ciudad Montes (UPZ 40),Ponderosa
Puente Aranda,Ciudad Montes (UPZ 40),Primavera
Puente Aranda,Ciudad Montes (UPZ 40),Remanso
Puente Aranda,Ciudad Montes (UPZ 40),San Eusebio
Puente Aranda,Ciudad Montes (UPZ 40),Santa Matilde
Puente Aranda,Ciudad Montes (UPZ 40),Tibaná
Puente Aranda,Ciudad Montes (UPZ 40),Torremolinos
Puente Aranda,Ciudad Montes (UPZ 40),Villa Inés
Puente Aranda,Muzú (UPZ 41),Alquería
Puente Aranda,Muzú (UPZ 41),Estación Central
Puente Aranda,Muzú (UPZ 41),Milenta
Puente Aranda,Muzú (UPZ 41),Muzú
Puente Aranda,Muzú (UPZ 41),Ricaurte
Puente Aranda,Muzú (UPZ 41),San Francisco
Puente Aranda,Muzú (UPZ 41),Techo
Puente Aranda,San Rafael (UPZ 43),El Arpa y La Lira
Puente Aranda,San Rafael (UPZ 43),Galán
Puente Aranda,San Rafael (UPZ 43),La Pradera
Puente Aranda,San Rafael (UPZ 43),La Trinidad
Puente Aranda,San Rafael (UPZ 43),San Gabriel
Puente Aranda,San Rafael (UPZ 43),San Rafael
Puente Aranda,San Rafael (UPZ 43),San Rafael Industrial
Puente Aranda,Zona Industrial (UPZ 108),Cundinamarca
Puente Aranda,Zona Industrial (UPZ 108),El Ejido
Puente Aranda,Zona Industrial (UPZ 108),Gorgonzola
Puente Aranda,Zona Industrial (UPZ 108),Industrial Centenario
Puente Aranda,Zona Industrial (UPZ 108),La Florida Occidental
Puente Aranda,Zona Industrial (UPZ 108),Los Ejidos
Puente Aranda,Zona Industrial (UPZ 108),Pensilvania
Puente Aranda,Puente Aranda (UPZ 111),Batallón Caldas
Puente Aranda,Puente Aranda (UPZ 111),Centro Industrial
Puente Aranda,Puente Aranda (UPZ 111),Ortezal
Puente Aranda,Puente Aranda (UPZ 111),Puente Aranda
Puente Aranda,Puente Aranda (UPZ 111),Salazar Gómez
La Candelaria,Candelaria (UPZ 94),Belén
La Candelaria,Candelaria (UPZ 94),Candelaria
La Candelaria,Candelaria (UPZ 94),Centro Administrativo
La Candelaria,Candelaria (UPZ 94),Egipto (parte)
La Candelaria,Candelaria (UPZ 94),Guavio (parte)
La Candelaria,Candelaria (UPZ 94),La Catedral
La Candelaria,Candelaria (UPZ 94),La Concordia
La Candelaria,Candelaria (UPZ 94),Las Aguas
La Candelaria,Candelaria (UPZ 94),Nueva Santa Fe de Bogotá
La Candelaria,Candelaria (UPZ 94),Santa Bárbara
Rafael Uribe Uribe,San José (UPZ 36),Antonia Santos
Rafael Uribe Uribe,San José (UPZ 36),Atenas
Rafael Uribe Uribe,San José (UPZ 36),Carmen Del Sol
Rafael Uribe Uribe,San José (UPZ 36),Gustavo Restrepo
Rafael Uribe Uribe,San José (UPZ 36),Hospital San Carlos
Rafael Uribe Uribe,San José (UPZ 36),Lomas
Rafael Uribe Uribe,San José (UPZ 36),Marco Fidel Suárez
Rafael Uribe Uribe,San José (UPZ 36),Olaya
Rafael Uribe Uribe,San José (UPZ 36),Quiroga Central
Rafael Uribe Uribe,San José (UPZ 36),San José
Rafael Uribe Uribe,San José (UPZ 36),San Jorge
Rafael Uribe Uribe,San José (UPZ 36),San Luis
Rafael Uribe Uribe,San José (UPZ 36),Santa Lucía
Rafael Uribe Uribe,San José (UPZ 36),Sociego Sur
Rafael Uribe Uribe,Quiroga (UPZ 37),Bravo Páez
Rafael Uribe Uribe,Quiroga (UPZ 37),Centenario
Rafael Uribe Uribe,Quiroga (UPZ 37),El Carmen
Rafael Uribe Uribe,Quiroga (UPZ 37),Granjas de San Pablo
Rafael Uribe Uribe,Quiroga (UPZ 37),Quiroga
Rafael Uribe Uribe,Quiroga (UPZ 37),Quiroga Sur
Rafael Uribe Uribe,Quiroga (UPZ 37),Río de Janeiro El Pesebre
Rafael Uribe Uribe,Quiroga (UPZ 37),Resurrección
Rafael Uribe Uribe,Marco Fidel Suárez (UPZ 51),El Recuerdo San Jorge Alto
Rafael Uribe Uribe,Marco Fidel Suárez (UPZ 51),El Triunfo
Rafael Uribe Uribe,Marco Fidel Suárez (UPZ 51),El Triunfo Sur
Rafael Uribe Uribe,Marco Fidel Suárez (UPZ 51),Libertador
Rafael Uribe Uribe,Marco Fidel Suárez (UPZ 51),Luis López De Mesa
Rafael Uribe Uribe,Marco Fidel Suárez (UPZ 51),Murillo Toro
Rafael Uribe Uribe,Marco Fidel Suárez (UPZ 51),San Jorge Sur
Rafael Uribe Uribe,Marco Fidel Suárez (UPZ 51),San Juanito
Rafael Uribe Uribe,Marco Fidel Suárez (UPZ 51),San Justino
Rafael Uribe Uribe,Marco Fidel Suárez (UPZ 51),San Jorge-Gloria Gaitán
Rafael Uribe Uribe,Marco Fidel Suárez (UPZ 51),Santa Lucía
Rafael Uribe Uribe,Marruecos (UPZ 52),Arrayanes VI
Rafael Uribe Uribe,Marruecos (UPZ 52),Cerros de Oriente
Rafael Uribe Uribe,Marruecos (UPZ 52),Danubio Del Sur
Rafael Uribe Uribe,Marruecos (UPZ 52),El Consuelo
Rafael Uribe Uribe,Marruecos (UPZ 52),El Mirador Sur I Y II
Rafael Uribe Uribe,Marruecos (UPZ 52),El Pensil
Rafael Uribe Uribe,Marruecos (UPZ 52),El Playón
Rafael Uribe Uribe,Marruecos (UPZ 52),El Puerto La Loma De San Carlos
Rafael Uribe Uribe,Marruecos (UPZ 52),El Rosal
Rafael Uribe Uribe,Marruecos (UPZ 52),El Socorro
Rafael Uribe Uribe,Marruecos (UPZ 52),Govaroba
Rafael Uribe Uribe,Marruecos (UPZ 52),Guiparma
Rafael Uribe Uribe,Marruecos (UPZ 52),La Esperanza
Rafael Uribe Uribe,Marruecos (UPZ 52),La Merced Sur
Rafael Uribe Uribe,Marruecos (UPZ 52),La Merced Sur San Ignacio
Rafael Uribe Uribe,Marruecos (UPZ 52),La Picota
Rafael Uribe Uribe,Marruecos (UPZ 52),La Playa
Rafael Uribe Uribe,Marruecos (UPZ 52),La Providencia Media
Rafael Uribe Uribe,Marruecos (UPZ 52),Marco Fidel Suárez
Rafael Uribe Uribe,Marruecos (UPZ 52),Marruecos
Rafael Uribe Uribe,Marruecos (UPZ 52),Mirador De Marruecos
Rafael Uribe Uribe,Marruecos (UPZ 52),Mirador Los Molinos II Sector
Rafael Uribe Uribe,Marruecos (UPZ 52),Molinos Del Sur
Rafael Uribe Uribe,Marruecos (UPZ 52),Nuevo Pensilvania Sur
Rafael Uribe Uribe,Marruecos (UPZ 52),Playón La Playita III
Rafael Uribe Uribe,Diana Turbay (UPZ 53),Diana Turbay
Rafael Uribe Uribe,Diana Turbay (UPZ 53),Diana Turbay Arrayanes
Rafael Uribe Uribe,Diana Turbay (UPZ 53),Diana Turbay Cultivos
Rafael Uribe Uribe,Diana Turbay (UPZ 53),El Bosque De Los Molinos
Rafael Uribe Uribe,Diana Turbay (UPZ 53),El Portal
Rafael Uribe Uribe,Diana Turbay (UPZ 53),El Portal II Sector
Rafael Uribe Uribe,Diana Turbay (UPZ 53),La Esperanza Alta
Rafael Uribe Uribe,Diana Turbay (UPZ 53),La Marquesa
Rafael Uribe Uribe,Diana Turbay (UPZ 53),La Paz
Rafael Uribe Uribe,Diana Turbay (UPZ 53),La Paz (El Cebadal)
Rafael Uribe Uribe,Diana Turbay (UPZ 53),La Picota Oriental
Rafael Uribe Uribe,Diana Turbay (UPZ 53),La Reconquista
Rafael Uribe Uribe,Diana Turbay (UPZ 53),La Reconquista (Villa Esther)
Rafael Uribe Uribe,Diana Turbay (UPZ 53),Los Arrayanes II
Rafael Uribe Uribe,Diana Turbay (UPZ 53),Los Puentes
Rafael Uribe Uribe,Diana Turbay (UPZ 53),Palermo Sur
Rafael Uribe Uribe,Diana Turbay (UPZ 53),Palermo Sur - Brisas
Rafael Uribe Uribe,Diana Turbay (UPZ 53),Palermo Sur (El Triángulo)
Rafael Uribe Uribe,Diana Turbay (UPZ 53),Palermo Sur Los Arrayanes
Rafael Uribe Uribe,Diana Turbay (UPZ 53),Palermo Sur Oswaldo Gómez
Rafael Uribe Uribe,Diana Turbay (UPZ 53),Palermo Sur San Marcos
Ciudad Bolívar,San Francisco (UPZ 66),Candelaria La Nueva
Ciudad Bolívar,San Francisco (UPZ 66),Casona (La)
Ciudad Bolívar,San Francisco (UPZ 66),Colmena
Ciudad Bolívar,San Francisco (UPZ 66),El Recuerdo
Ciudad Bolívar,San Francisco (UPZ 66),Gibraltar
Ciudad Bolívar,San Francisco (UPZ 66),Hortalizas
Ciudad Bolívar,San Francisco (UPZ 66),Juan José Rondón
Ciudad Bolívar,San Francisco (UPZ 66),Las Acacias
Ciudad Bolívar,San Francisco (UPZ 66),Millán Los Sauces
Ciudad Bolívar,San Francisco (UPZ 66),Puerta del Llano
Ciudad Bolívar,San Francisco (UPZ 66),San Fernando Sur
Ciudad Bolívar,San Francisco (UPZ 66),San Luis Sur
Ciudad Bolívar,San Francisco (UPZ 66),Santa Inés de la Acacia
Ciudad Bolívar,San Francisco (UPZ 66),Sauces
Ciudad Bolívar,Arborizadora (UPZ 65),Arborizadora Baja
Ciudad Bolívar,Arborizadora (UPZ 65),Atlanta
Ciudad Bolívar,Arborizadora (UPZ 65),Casa Linda
Ciudad Bolívar,Arborizadora (UPZ 65),Coruña (La)
Ciudad Bolívar,Arborizadora (UPZ 65),El Ensueño
Ciudad Bolívar,Arborizadora (UPZ 65),La Playa
Ciudad Bolívar,Arborizadora (UPZ 65),Madelena
Ciudad Bolívar,Arborizadora (UPZ 65),Protecho
Ciudad Bolívar,Arborizadora (UPZ 65),Rafael Escamilla
Ciudad Bolívar,Arborizadora (UPZ 65),Santa Helena
Ciudad Bolívar,Arborizadora (UPZ 65),Santa Rosa Sur
Ciudad Bolívar,Arborizadora (UPZ 65),Villa Helena
Ciudad Bolívar,Monteblanco (UPZ 64),Barranquitos
Ciudad Bolívar,Monteblanco (UPZ 64),Brazuelos de Santo Domingo
Ciudad Bolívar,Monteblanco (UPZ 64),El Mochuelo II
Ciudad Bolívar,Monteblanco (UPZ 64),Esmeralda
Ciudad Bolívar,Monteblanco (UPZ 64),Lagunitas
Ciudad Bolívar,Monteblanco (UPZ 64),Paticos
Ciudad Bolívar,El Mochuelo (UPZ 63),El Pedregal
Ciudad Bolívar,El Mochuelo (UPZ 63),La Lira
Ciudad Bolívar,El Mochuelo (UPZ 63),Las Manas
Ciudad Bolívar,El Mochuelo (UPZ 63),Mochuelo Oriental
Ciudad Bolívar,El Mochuelo (UPZ 63),Villa Jacky
Ciudad Bolívar,El Tesoro (UPZ 68),Acapulco
Ciudad Bolívar,El Tesoro (UPZ 68),Arabia
Ciudad Bolívar,El Tesoro (UPZ 68),Bogotá Sur
Ciudad Bolívar,El Tesoro (UPZ 68),Buenos Aires
Ciudad Bolívar,El Tesoro (UPZ 68),Casa de Teja
Ciudad Bolívar,El Tesoro (UPZ 68),Divino Niño
Ciudad Bolívar,El Tesoro (UPZ 68),El Consuelo
Ciudad Bolívar,El Tesoro (UPZ 68),El Mochuelo I
Ciudad Bolívar,El Tesoro (UPZ 68),El Reflejo
Ciudad Bolívar,El Tesoro (UPZ 68),El Tesoro
Ciudad Bolívar,El Tesoro (UPZ 68),Inés Elvira
Ciudad Bolívar,El Tesoro (UPZ 68),La Cumbre
Ciudad Bolívar,El Tesoro (UPZ 68),Los Duques
Ciudad Bolívar,El Tesoro (UPZ 68),Minuto de María
Ciudad Bolívar,El Tesoro (UPZ 68),Monterrey
Ciudad Bolívar,El Tesoro (UPZ 68),Ocho de Diciembre
Ciudad Bolívar,El Tesoro (UPZ 68),Potreritos
Ciudad Bolívar,El Tesoro (UPZ 68),Quiba
Ciudad Bolívar,El Tesoro (UPZ 68),República de Canadá
Ciudad Bolívar,El Tesoro (UPZ 68),República de Venezuela
Ciudad Bolívar,El Tesoro (UPZ 68),San Joaquín del Vaticano
Ciudad Bolívar,El Tesoro (UPZ 68),San Rafael Sur
Ciudad Bolívar,El Tesoro (UPZ 68),Tesorito
Ciudad Bolívar,Ismael Perdomo (UPZ 69),Barlovento
Ciudad Bolívar,Ismael Perdomo (UPZ 69),Bella Estancia
Ciudad Bolívar,Ismael Perdomo (UPZ 69),Bonanza Sur
Ciudad Bolívar,Ismael Perdomo (UPZ 69),Caracolí
Ciudad Bolívar,Ismael Perdomo (UPZ 69),Casa Loma Casavianca
Ciudad Bolívar,Ismael Perdomo (UPZ 69),Cerro del Diamante
Ciudad Bolívar,Ismael Perdomo (UPZ 69),El Espino
Ciudad Bolívar,Ismael Perdomo (UPZ 69),El Porvenir
Ciudad Bolívar,Ismael Perdomo (UPZ 69),El Rincón del Porvenir
Ciudad Bolívar,Ismael Perdomo (UPZ 69),El Rosal
Ciudad Bolívar,Ismael Perdomo (UPZ 69),Galicia
Ciudad Bolívar,Ismael Perdomo (UPZ 69),Ismael Perdomo
Ciudad Bolívar,Ismael Perdomo (UPZ 69),La Carbonera
Ciudad Bolívar,Ismael Perdomo (UPZ 69),La Estancia
Ciudad Bolívar,Ismael Perdomo (UPZ 69),Mirador de la Estancia
Ciudad Bolívar,Ismael Perdomo (UPZ 69),Mirador de Primavera
Ciudad Bolívar,Ismael Perdomo (UPZ 69),Perdomo Alto
Ciudad Bolívar,Ismael Perdomo (UPZ 69),Rincón de Galicia
Ciudad Bolívar,Ismael Perdomo (UPZ 69),Rincón de la Estancia
Ciudad Bolívar,Ismael Perdomo (UPZ 69),Rincón de la Valvanera
Ciudad Bolívar,Jerusalén (UPZ 70),Arborizadora Alta
Ciudad Bolívar,Jerusalén (UPZ 70),Bella Vista
Ciudad Bolívar,Jerusalén (UPZ 70),Florida del Sur
Ciudad Bolívar,Jerusalén (UPZ 70),Jerusalén
Ciudad Bolívar,Jerusalén (UPZ 70),La Pradera
Ciudad Bolívar,Jerusalén (UPZ 70),Las Brisas
Ciudad Bolívar,Jerusalén (UPZ 70),Las Vegas de Potosí
Ciudad Bolívar,Jerusalén (UPZ 70),Nueva Argentina
Ciudad Bolívar,Jerusalén (UPZ 70),Paraíso
Ciudad Bolívar,Jerusalén (UPZ 70),Potosí
Ciudad Bolívar,Jerusalén (UPZ 70),Tanque Laguna
Ciudad Bolívar,Jerusalén (UPZ 70),Verona
Ciudad Bolívar,Jerusalén (UPZ 70),Villas de Bolívar